-- phpMyAdmin SQL Dump
-- version 4.8.5
-- https://www.phpmyadmin.net/
--
-- Host: 127.0.0.1:3306
-- Generation Time: Aug 16, 2023 at 04:51 PM
-- Server version: 5.7.26
-- PHP Version: 7.2.18

SET SQL_MODE = "NO_AUTO_VALUE_ON_ZERO";
SET AUTOCOMMIT = 0;
START TRANSACTION;
SET time_zone = "+00:00";


/*!40101 SET @OLD_CHARACTER_SET_CLIENT=@@CHARACTER_SET_CLIENT */;
/*!40101 SET @OLD_CHARACTER_SET_RESULTS=@@CHARACTER_SET_RESULTS */;
/*!40101 SET @OLD_COLLATION_CONNECTION=@@COLLATION_CONNECTION */;
/*!40101 SET NAMES utf8mb4 */;

--
-- Database: `meet`
--

-- --------------------------------------------------------

--
-- Table structure for table `likes`
--

DROP TABLE IF EXISTS `likes`;
CREATE TABLE IF NOT EXISTS `likes` (
  `like_id` int(11) NOT NULL AUTO_INCREMENT,
  `like_user_id` int(11) DEFAULT NULL,
  `like_post_id` int(11) DEFAULT NULL,
  PRIMARY KEY (`like_id`)
) ENGINE=MyISAM AUTO_INCREMENT=31 DEFAULT CHARSET=latin1;

--
-- Dumping data for table `likes`
--

INSERT INTO `likes` (`like_id`, `like_user_id`, `like_post_id`) VALUES
(30, 9, 41),
(29, 9, 40),
(28, 10, 40),
(27, 9, 38),
(26, 9, 35),
(25, 9, 36),
(24, 11, 36),
(23, 10, 36);

-- --------------------------------------------------------

--
-- Table structure for table `notifications`
--

DROP TABLE IF EXISTS `notifications`;
CREATE TABLE IF NOT EXISTS `notifications` (
  `notifications_id` int(11) NOT NULL AUTO_INCREMENT,
  `notifications_user_id` int(11) DEFAULT NULL,
  `notification_sender_id` int(11) DEFAULT NULL,
  `notifications_type` longtext,
  `notifications_description` longtext,
  `notifications_text` longtext,
  `notifications_view` longtext,
  `notifications_deleteded` longtext,
  `notifications_date` datetime DEFAULT NULL,
  PRIMARY KEY (`notifications_id`)
) ENGINE=MyISAM AUTO_INCREMENT=38 DEFAULT CHARSET=latin1;

--
-- Dumping data for table `notifications`
--

INSERT INTO `notifications` (`notifications_id`, `notifications_user_id`, `notification_sender_id`, `notifications_type`, `notifications_description`, `notifications_text`, `notifications_view`, `notifications_deleteded`, `notifications_date`) VALUES
(21, 9, 9, 'like', 'Curtiu seu post', NULL, 'yes', 'no', '2023-08-13 10:53:40'),
(20, 9, 11, 'like', 'curtiu seu post', NULL, 'yes', 'no', '2023-08-13 10:24:18'),
(18, 9, 10, 'like', 'Curtiu seu post', NULL, 'yes', 'no', '2023-08-13 10:05:55'),
(23, 9, 9, 'message', 'Envio uma menssagem', 'asrwedr ewfwerwe ewrwerwrqrqwerqwe erwerwe :)', 'yes', 'no', '2023-08-13 11:00:10'),
(22, 9, 9, 'like', 'Curtiu seu post', NULL, 'yes', 'no', '2023-08-13 11:00:00'),
(24, 9, 9, 'like', 'Curtiu seu post', NULL, 'yes', 'no', '2023-08-13 11:41:07'),
(25, 9, 9, 'message', 'Envio uma menssagem', 'rtyrtyrtytr', 'yes', 'no', '2023-08-13 11:41:16'),
(26, 9, 10, 'message', 'Envio uma menssagem', 'fgfgfg ', 'yes', 'no', '2023-08-13 11:56:50'),
(27, 11, 10, 'message', 'Envio uma menssagem', 'uau!!! Arrasou', 'yes', 'no', '2023-08-13 12:24:22'),
(28, 11, 10, 'like', 'Curtiu seu post', NULL, 'yes', 'no', '2023-08-13 12:24:23'),
(29, 11, 10, 'message', 'Envio uma menssagem', ':) Amei', 'yes', 'no', '2023-08-13 12:24:34'),
(30, 11, 9, 'like', 'Curtiu seu post', NULL, 'yes', 'no', '2023-08-13 17:03:09'),
(31, 11, 9, 'message', 'Envio uma menssagem', 'kllkkikilkoli', 'yes', 'no', '2023-08-13 17:03:16'),
(32, 11, 9, 'message', 'Envio uma menssagem', 'ftyftgyutf ftyfrtyr', 'yes', 'no', '2023-08-13 17:03:56'),
(33, 9, 9, 'message', 'Envio uma menssagem', 'guyiytguu ', 'yes', 'no', '2023-08-13 17:04:22'),
(34, 9, 9, 'like', 'Curtiu seu post', NULL, 'yes', 'no', '2023-08-13 17:04:28'),
(35, 9, 9, 'message', 'Envio uma menssagem', 'hfggfh  fghfh', 'no', 'no', '2023-08-16 13:06:32'),
(36, 9, 10, 'message', 'Envio uma menssagem', 'fcdfd dfgvdfgdfg sdfgsdfsdsd dsfsdfdsf sdf sdfdsfsdfsdfsdfs sdfsdfsd', 'no', 'no', '2023-08-16 13:06:51'),
(37, 9, 11, 'message', 'Envio uma menssagem', 'dfsdfsd sd fsd', 'no', 'no', '2023-08-16 13:07:26');

-- --------------------------------------------------------

--
-- Table structure for table `post_message`
--

DROP TABLE IF EXISTS `post_message`;
CREATE TABLE IF NOT EXISTS `post_message` (
  `message_id` int(11) NOT NULL AUTO_INCREMENT,
  `message_user_id` int(11) DEFAULT NULL,
  `message_user_create_post` int(11) DEFAULT NULL,
  `message_post_id` int(11) DEFAULT NULL,
  `message_text` longtext,
  `message_date` datetime DEFAULT NULL,
  PRIMARY KEY (`message_id`)
) ENGINE=MyISAM AUTO_INCREMENT=89 DEFAULT CHARSET=latin1;

--
-- Dumping data for table `post_message`
--

INSERT INTO `post_message` (`message_id`, `message_user_id`, `message_user_create_post`, `message_post_id`, `message_text`, `message_date`) VALUES
(51, 7, 7, 28, 'asfdsfs sdfsfs ', '2023-08-11 15:41:56'),
(29, 8, 7, 23, 'dfrtds erterstest', '2023-08-11 07:35:01'),
(28, 8, 7, 22, 'redtete et4rertre ', '2023-08-11 07:32:19'),
(49, 7, 7, 27, 'fun', '2023-08-11 13:20:15'),
(50, 7, 7, 28, 'dfdsfse sedfwsefas', '2023-08-11 15:41:50'),
(48, 8, 8, 19, 'fffffun', '2023-08-11 13:14:27'),
(23, 5, 7, 25, 'dfgdgd sdfgdfg', '2023-08-10 22:50:18'),
(24, 5, 7, 23, 'fgcf rfdgdfgfd', '2023-08-10 22:56:15'),
(52, 8, 8, 30, 'show!!!', '2023-08-11 15:54:26'),
(33, 7, 7, 22, 'sadwsda awdasds', '2023-08-11 09:03:55'),
(47, 5, 5, 25, 'novo', '2023-08-11 13:07:11'),
(37, 7, 7, 23, 'wwe wewww', '2023-08-11 10:35:59'),
(38, 7, 7, 19, 'qsqs qwqwqq qwq', '2023-08-11 10:37:11'),
(40, 7, 7, 25, 'wqdswqwwd wdwed', '2023-08-11 10:48:08'),
(53, 5, 5, 30, 'Legal Ana', '2023-08-11 15:59:44'),
(54, 7, 7, 32, 'legal D ', '2023-08-11 16:01:23'),
(55, 7, 7, 30, 'Irado', '2023-08-11 16:01:35'),
(57, 8, 8, 32, 'dfdfd ', '2023-08-11 16:04:04'),
(58, 8, 8, 32, 'wqerwerqw wefrwaerfqwefqwe w4frqwefqwfewqf we fwefwefqewfewq', '2023-08-11 16:04:18'),
(59, 5, 5, 34, 'dsfsd sdfsdf', '2023-08-11 16:30:49'),
(60, 5, 5, 32, 'wqdqwedqw wqdqw', '2023-08-11 16:30:59'),
(61, 5, 5, 30, 'serwerw awesfd', '2023-08-11 16:31:13'),
(62, 5, 5, 28, 'aserawera ', '2023-08-11 16:31:23'),
(63, 5, 5, 19, 'aesdfasffd ', '2023-08-11 16:31:30'),
(71, 7, 7, 34, 'dsaedsws sdfsdfsd', '2023-08-13 08:29:54'),
(72, 9, 9, 36, 'ddd', '2023-08-13 09:07:58'),
(73, 10, 10, 36, 'rock in rio dois foi massa', '2023-08-13 09:08:48'),
(69, 8, 8, 28, 'oi aqui é a ana', '2023-08-13 08:21:20'),
(70, 8, 8, 28, 'aqui é ana 2', '2023-08-13 08:24:57'),
(74, 9, 9, 37, 'massa ana', '2023-08-13 09:42:58'),
(75, 11, 11, 37, 'gostei ', '2023-08-13 09:43:30'),
(80, 10, 10, 38, 'fgfgfg ', '2023-08-13 11:56:50'),
(77, 11, 11, 36, 'legal cara', '2023-08-13 10:24:16'),
(78, 9, 9, 35, 'asrwedr ewfwerwe ewrwerwrqrqwerqwe erwerwe :)', '2023-08-13 11:00:10'),
(79, 9, 9, 38, 'rtyrtyrtytr', '2023-08-13 11:41:16'),
(81, 10, 10, 40, 'uau!!! Arrasou', '2023-08-13 12:24:22'),
(82, 10, 10, 39, ':) Amei', '2023-08-13 12:24:34'),
(84, 9, 9, 39, 'ftyftgyutf ftyfrtyr', '2023-08-13 17:03:56'),
(85, 9, 9, 41, 'guyiytguu ', '2023-08-13 17:04:22'),
(86, 9, 9, 41, 'hfggfh  fghfh', '2023-08-16 13:06:32'),
(87, 10, 10, 41, 'fcdfd dfgvdfgdfg sdfgsdfsdsd dsfsdfdsf sdf sdfdsfsdfsdfsdfs sdfsdfsd', '2023-08-16 13:06:51'),
(88, 11, 11, 41, 'dfsdfsd sd fsd', '2023-08-16 13:07:26');

-- --------------------------------------------------------

--
-- Table structure for table `user`
--

DROP TABLE IF EXISTS `user`;
CREATE TABLE IF NOT EXISTS `user` (
  `user_id` int(11) NOT NULL AUTO_INCREMENT,
  `user_name` longtext,
  `user_password` longtext,
  `user_phone` mediumtext,
  `user_email` longtext,
  `user_bio` longtext,
  `user_photo_perfil` longtext,
  `user_photo_perfil_blob` longtext,
  `user_birthday` date DEFAULT NULL,
  `user_sexo` longtext,
  `user_latitude` longtext,
  `user_longitude` longtext,
  PRIMARY KEY (`user_id`)
) ENGINE=MyISAM AUTO_INCREMENT=12 DEFAULT CHARSET=latin1;

--
-- Dumping data for table `user`
--

INSERT INTO `user` (`user_id`, `user_name`, `user_password`, `user_phone`, `user_email`, `user_bio`, `user_photo_perfil`, `user_photo_perfil_blob`, `user_birthday`, `user_sexo`, `user_latitude`, `user_longitude`) VALUES
(9, 'Henrrique Dias', '123', '(75) 99119-5121', 'henrrique@gmail.com', 'Digite algo sobre você\r\n            				 ', 'man-with-glasses-smiling-looking-into-distance.jpg', ' ', '1989-02-01', 'male', NULL, NULL),
(10, 'Ana Souza', '123', '(75) 99119-5121', 'ana@gmail.com', 'Digite algo sobre você\r\n            				 ', '1_Ss70nvjqEXusREvoyutFuA.jpg', ' ', '1989-02-01', 'female', NULL, NULL),
(11, 'Lucas Silva', '123', '(75) 99119-5121', 'lucassilva@gmail.com', 'Digite algo sobre você\r\n            				 ', 'images.jpeg', ' ', '1989-02-01', 'male', NULL, NULL);

-- --------------------------------------------------------

--
-- Table structure for table `user_new_post`
--

DROP TABLE IF EXISTS `user_new_post`;
CREATE TABLE IF NOT EXISTS `user_new_post` (
  `user_new_post_id` int(11) NOT NULL AUTO_INCREMENT,
  `user_new_post_user_id` int(11) DEFAULT NULL,
  `user_new_post_image` longtext,
  `user_new_post_blob_image` longtext,
  `user_new_post_date` datetime DEFAULT NULL,
  `user_new_post_description` longtext,
  `user_new_post_arquivar` varchar(150) DEFAULT NULL,
  PRIMARY KEY (`user_new_post_id`)
) ENGINE=MyISAM AUTO_INCREMENT=44 DEFAULT CHARSET=latin1;

--
-- Dumping data for table `user_new_post`
--

INSERT INTO `user_new_post` (`user_new_post_id`, `user_new_post_user_id`, `user_new_post_image`, `user_new_post_blob_image`, `user_new_post_date`, `user_new_post_description`, `user_new_post_arquivar`) VALUES
(19, 7, 'photo-1575425186775-b8de9a427e67.jpeg', 'data:image/png;base64,iVBORw0KGgoAAAANSUhEUgAAAMYAAADGCAYAAACJm/9dAAAAAXNSR0IArs4c6QAAIABJREFUeF60vUmPJGeaJvbYbr577LknM7nUwmIt7Omu6q6eAQrTg24tMwdh+jAHDeYgHQRdBhAgXXQR9Dt0kCBBNy0DzUhAa6ari8NaWGSRxSWTSeYWGfse4bu7bcLzfvaZm1u4h3smS0EGMiLc3ewzs/d51+d9P+P59l5iGAZM0wQMA/xZfyP9MgxTfuJ7+FqSJPol+V1/xXGsfkzUv3yf/ubvfJ3vTuIkfc/l46jjGYBhwrTUmuTn9NyWZak/peu0LBOWacBMr8HgodP15deWLTJdF4+n15a/plmfyX9+1s+z7su09fBvV63vqnXkz5NfS/Ezcr/T+/Sya572/uJ58+ebde36OPnrLf48ljMlS/q5iEymX1fdr1lrfZlnWTy+8WxrN+ECisDgycY3VYFFLzT/oIs/ywkwBgQ/F0VRdsEgWGL1Hsi3uhH5ixAgzgCGWusYvBoYVgock0fOAXfeTdPnngemecfR11EU1Jd9oMX7cZXAvcqai9cx7fj5v2kFkr++oiKZBhh93fq98+7zZRm4/Bz5nvx6rlJWL3vfL51fWwwBQSpcGhT6xJZly4+Twju2FFwstZNGOi2Gvln5f+XnWIFGA6P4cAkKuZkwploMZTkAZTkMEBgmf0+1C4Ex72uW9npV7TRN481bw6KvTxO6/GdnAedlBWPaevhMeZ9nKZpveo7853muvIWYpmC+6fmuuueXPKE8MIqulEaoFlZtQfTf89pNbl7qOhkwBCjyOhLEsbIYdHPk76LR1fckMHJuHAFCiS+4UtqlGgNEuVIvA4xFhXLe+15WY7/s+xd5kH9IYEwDQFFg8gpyEUGdtb5plmue67PI+eY9s1mW/5Lif7a1IzGGcl+Uu5SPM7gY23aUkBdcHmqTLK5QkYGKH3J+ogKHAkMcpTGGAIjAGccYasFqHXKDuBbLlHeYlj2xJr0+ulR5V4pHuMpiLPqQXuXmLvKZIjBexjVY5PhXPfTig5/33iIA9O8vK5zTLJ7+2zy3aJ5lL7ppf8h7ZDx9sZ0G31bmSmnk6oWbpnJb9N+L/2agmQMMFXRrKzEZY2hg8FwKI2NXim6VjnE0cPkWcaNMA7a4U+l7cq7UNG03SyD0e+dprUWP+aoPKf85vZYioHVQ/arnWFQw5x2fxyl6D/oz8+7jvGNf9fo8cF5lmWc9v0sAfvpiK1HCmGrpnMXQPl+mxdPVFrNTGWhyWSjlWqUZBqiYQ7lS0dh9mrAYKtiasBiMG8SdSq2IgGEMUgJD4o3UlRLwLBBjzLrpV93wWa9dZYW4ngmLmsvgXQXQeeubJxjTPp8XCP35aRbsZQR7GsBeVnFcdf+K15lfd145F4U6f/3Tjj8LOPm/G082XwgwJuKIgjuVf61okouaQWsRuQgxJYy3FRjU33TGiu4Vo5HJL50ankgGiJtHfIzTtsqCqO9XAcbLClfRrC/immhL+jLvnfbA/1AuwzwwXiWk8zT8VVr6Ze+DPtcsYMxby7zXF3n2AgwKo9bE2nKM/XjmkifrG3kwTDOZGgQSZMv/44wVYwtlTVTa1kxrJEVNlcU5AlKTGMpcvXEcxNqKcqV0upZWaVFBnHcD9QNd1M3KP1C9hgktVKgB5QVmEU09S9O/zHXk33uVdl9EeGZp5vz9L2rzouxkslLIeubv/SygTLvfr3ovip8znjzfTFSaVrkr4lYVCn3FrJQW2mk3T6fd5IIlA3UZGLKIrJ5xOb2agSINwsWKsHaRSyfrQl8RGNqVWuTBFrXcNEFZ5DjFm5o/bmYpUzdqmoWdBoqrNPA87TzPMiwiPJcEJQfql1nbVVboKhcof5/mPYN565l2z+fFQMaTZwSGji+US6WzU7w5SjunBcBc0W9WRiF/EVEY0tZInjbvYuUthmSy0mxXEXBjd0pZDL2uccqWlgwq+DZTq1FIdL3MgynerHn+8lXasKjNpgl/8fjFOEBr3nnrWFTQ5wnYVcfJr2GRivq065+lFOYJ6ax1T/v7Vc970fsk9/3ps02pKij6Rd5y5NO34+B3QptPKfrpheWFn64UP5cvAlLOdfpWLzgPNn2zTEslBggM/qzOP6anSIxhm7AI3pcMvhfRvN9EmIqfnfUgZ7mjeZfkZR7qrPcuei36Wc3StIvct0XWu+hx9LoXsQx5YORpP9Pu5VX3w3jy9Lmka1V6dOxGTbpUly2GBsgsk5sBIy3maYuhinspKHjeLH17ubKu16VdKcWZ+ubAWPSByDqvqMhqP3hsDdRPYt2koPlyVXg6nUozLyJWL/ee4jXPA8lVIJ732avcsJdb9eS7FwHGtOPP+txVxxsDgw+SblNKJiQw8lVmhbhx8Y2/Z9yp9PnnU6UaCJo4qArd+SBcZa304ormWQFvTGxEujYVB+maSiK1DLpS/DsDcFqOoovzMg8j/9DzN24+mLQ0S6pBrX0mODRg1GcUGGJVIRVkyV+zZWs35lXcBP0cZimyl703er3f5HPz7+XigHiZdRQV2Vih6VJB7p4/fvIsrXynmacMHMpKjGsZaWCu7kzGoZGHlmnIMfFwkjulslMERkYVSdO5E65XzjVTZjwXcE8AQ9UvFGdqkl07CxjzHoYCROGB6IA5x9jNSW4mxZr3xVAt5n9JrOgsCVm/rN6rzJ4Sev6r1n8ZwBpcL2tpJlkJi2r0efdE341prsyi58gLo3bNFj3vNEGeF4/MA8q0c0+L4Yyvvn6SMMOTaX+JN1gFHxfSlJYeU0U0DZwnKRK/8gvX4MinbbXrpKkj/D2vEfOaLZ8IUDGGIjOO2bVjYOTZtfNuzvj1sYqmxhZh1ozfTGOr9+g0sH6dhUqGZUkc0uFCkgTZzzEi5ZqK1bBhmg5g2EjAe2ql4Jgv/PnrKD68ootXtHSLCNA0IZnnQhXBMsuCXAWcVwXVvM+9ikWdJSsCjLzg61gjA0IKEH0DlN8/LrRNuzFFDaPBoMmEognSVO4sh1qtyRIxlXNmmbN8kU8BI08JmVfHmLx5mu+fcrdSKyTrmwIMuS6+YsZI4oCBEhAPEUddxFEfcTxAkoSAQZDZMEwXpunDtHwkhgsYDgxDgQRI2QYscuoelJwvNUtoi2CZJqjzBGiWMBQF6ypBmxd7XaWcprmrVwFMvzbvuq5ab9E65xXNNCWSAUNrah3wkmqurIEBI/XhM22exhqT2v2yBsy7SfJzno6+ADDywXc+K5Uv8L0sMK62Jml1Pq3jRGmBktkufokwGCQ/DhEFPYSjLuKgBURniKMLIOkgjgYCaMPyYdg1mHYNll2BYZUA00cCV14zTQ8GXAEI47pYelQmG3O0IBQf3DwBKV7jq8Yoi7g8i7xnHkj061dZOb5WpNcsch+KgFjkXHLcR189zmKMvLuk6xcqIFeqVGtxzV16VWBki017M7LF5u7gGIQp4zbt5stbN00JmUUiXNylGr9T3WzRUTkm15gJHAVdjPrHCIcniEZniIYHQHSIJDpBErdgmgGoVGynBthLMO0lGM4SLLshQDHMCmCVAbMM26qIRaGLlcRpsmEK12ueGzXPAkzTjlP96isq80W3uegVLOK6TVvnN3F/FgFG8ZyLAFmO++WjrydcKS2QExmpNJUr9Y6UVzXpWk0yb4umkm6TWtC4/4K/KyuiOVSpL59eSREY+cq3Bsc8YCx6E/JaJMsOZe6N2AogiTAa9tBrH2DY2UQ42EY8fIE42AKibSA6hoEeLDOE6zmw7CoMexW2dwOmewuJuQrLXUmB0oDpNGCYVVhWDYZRQpKQWp8L0nMZu29iMYoCvAjVO+/WzBPc/D1e5H6Lm5prXyge/6pjTHvvIoCcdsyrQDUBjLwrVUzTys2k0bdtVQRELltlKs2qF6iD8QlqdEr/KFbA9U2ShSjHXop0E+ZOp21zlJBxtmycrp1GO59nMaZrTdVcpa5JpX4NEBQdtM4P0W89x7D1AGHva0TDZ4hH27CMI9hmB7YdwnbYv8KiI2OLOix3A6Z3B4ZzE6Z9HYazDtNdgeOtIrHqMK0GLLMB0yxL9kqd8/LKZz3cWb75vGtfxMrkfftFjqeVXTEhMw0MWl6KwNW/LyLw+TUtAqhZxyyCRGT34ZdfzXSleOKJxiVtLYTVqgAiN0+yOSpfk0/v8oTKLzeEMCgnJJBysYb2G4vA0BeheVw6+ObfmUVTD20y+JY15YRK+6X5h7CYINGKqQBc2MAI0G0d4vz4OTqnnyO4+BXC7heIh3uwjBZsawTLjmA5gOMaYF+X7ZCYacB0ajDdDVjebZj2fRjOLRjOGmxvHY6/isQgKJZgmHSzPCSJCsp1HaQoVNOEYdo1FQWu+J6iMLyKW7IIWOa952XOu6hFWuScxftRVJITwMj770VQ6JgjTx8Rtypl3orKLxDltAbJF/LUgx73hGfqMa0VaItRBMYsdi2Db8fmOpTVerl+jGLdQOyEKrkwFZ0W3kZBD+fHmzg/eojO0W8xOvk7RL1HMJMWHCsBs8i2CzieAdNO4PBnfjuA6Viw3DpM5wYM5w1Y7mswnOuw3HVY7ioMewWmtQLDpPWoAoanUrs5Sn5eyLVlz1zRVAr0gy1q4nlCol+fJ6B5N2Yx5TL9zFcBcp57o49YvNZFr1F/bhbA8ucXYOgL1dp+wkrkmLbyd4Ih1zwkD4rimLpUs27axINMgaG1e3bTUx8ib4qLFmNybZfTtYsDI8lqbmIXeG4W3ZQtEutmSREuRqfbxsnhV7jY+wDtg19hcPg+jOE2bAtwbAICsJwErmeof0umcqkc/t2E5Vow7Sac0hsw3LtIrNswnWuwXcYdazCsFcBkoN5UwTnBQWusXcxCvHFJu00JmhcVlnnvmybI+Wc8zR0tWrW8C1MUyvzxRRmlY42mrWseeGd9Jg+oq653AhgPHj4az5XKsWeLQXg+GNacqiydmwIjXzqe5kOOARCLyyO/T3Go8zcyDwztquXTtXnaOS+ale/FvsbAyJfuFTDo53ONzEZFOD07w/H+A5zv/gKdvfcxOv4IdnQmwLFsuk6JWAvPN2B7CRyfYDFh2QoctpvA9iowHLpUdwD7nsQctrsO27sG2HSplsRymHYdhlmWwmDa5ZUVQK/yu4sCtohWfxlBexU3ZpqVmQeMqxINL7PevCWcBYyrrJehgZG5Lrkq9yQdRAXc4tLIqB1VGRd/WAfjhVLGNE2R+ilK/EihSIeCZbHGFcF31ieS1lUIgXwHnwTlqfafdoPzwqJuirIO4j5J5VtbDB6ZrYfsPAxxfHKC473PcLH7c7R230d4+hmc6EJKdGxfMW3A9ZTlcEsGnBJge4wz6FYxJuLvLkzHk+Db8t+CYd+B6dyEW2LMsYHEXFYuldWEadUAw1XxDesbaUA+vjVpTMc1p38sultXCUbm4s4ZxlbU/FqjF/+e/z1vQaZZtnlKa1HgvCxIinEm1zGrSCnHzgNjGji0MOn4Q4QzyxCNaerSploYmDD1JmXp2TT7U3AXJgRaHy/X2iqvp8G/BsYiHXxX38gUGIrepNyYFBhxFODo5AjHu5+ivfu3uNj5JYLTB3DjFixRIsryMPD2SoBbhgBDAOIxa0bw8nVaE8B0l2G6b8Dy7sN078Ip3RZgGPYaDAnCWfNYgmH4yrUjtzBL407GRALmAsFrnmvDq3sV7T8NDBOWPVeAe5k15a3KqwBpHtC0/Bat11yXaprFyAt4Md4QsWGwK0PR1EPLpojoLFX6sHQgnfFOp/jM2UNKg/LsQjSbV49pzLW28twqM0WfdDwlZJbFyAvCLKHING5mRYQbjygc4uj4AMc7n6C983Ocb72P4OwR3KQrtpJ1R1JABBhlwK/QYhjwysxIRRKEi4vHWMSn5ajB9F6H7b8O07kD278N078uFsOylgGjCctehWGU5d7GonCmu4cvqzWLVmSWa6aPqwW1KLDThJnvKVr9vKItCuastc8D7bzXiwKft6TT3Mv8OvR1yt908J23DBoY+QvTf9NAkYJbZiFS10ry8ONin8rqqJrAhJ+nezL0jFmtxRI1jU5/ZoJ2XgCGWodKhElWSmjnOiv1cgQ9rUU12JWPxakmiRT1Do92cbT1MS62/h2On76HuP0cHvritpHKQeH3Sgb8SgK3bMD2aTEIhDQAJwPYjuH6gOWWxVLY/n0Y7muwvTspMGgtGrAkEGemqg7TcFJmrgrFprmHs4R7nkacJSQTz6lwkHkumBayvItSBETepbkq0J5mPfT5M+WZY3XPut6rgMFzcHzstLrLRFYqL9T65Pk4Iw8Y+Xtmxse0jQl3Ksf9maatisPaJqh76ZhOuZHyrdLB+eJjRj2XDj7VjyFWKu1nmNaCqTVb/gFdErjsLscYEhj7Wzja/hinz/4G+18RGNvwjJHEGLQYtBT6WwChXSmXQbnKTBE8rhfDdHxV7HNfg+neh+3fheFegylp27pkpwxzDZbdBEwPSOsai7gMi79nzCrOK4Vpn58Vu+TfO819m2URrvTrc/HSNODmz1nsAcvXr+SzWZ+LUst55awBNg0Q2f3Ip2t5gRrF+mIzC1HIWOVdrGw6eT44FwGdrGJf6eellJG8rpegMy0aTuv55uWyrVUCcE46KViMRVyN2e+R4aICjIP9LZxsf4yTJ3+DrQd/i/BiF04SwXeActkUt8nxYwGH7auslOurGINBueWa8CSFG8JiwcNaheneVHGGcxuGexOmsw7bWULM7JS9DpikjFRgkpU7Y1bWbLdiXl9HSr9Je0KKrtGEAF4xlX2eVZqmfPL3+6qfM6swgz4imZu8J1JgCxR9hiIw8gqh6PJlrlTRZcqjNW8x9Dou1zlUEJ4V+MTxVk05+vN5M1y88czdZnTx/MXmjpmvfOvzJ4aihNBa2JaV9X1fpc0WAYtSCuzDSy3G4RYON3+Hk8d/g+0Hf4fByRYqToKSB/i+IW6TfJfHPzN9q2sZNkEi1iNWtBrTEwthucxM3ZHahunegONfB8xVwGJtg+lbpm79l+zfyKehte785gH34tYoffSvCKjieaY9r8l4MN8r83KrnGbpMsBoEqE+ZB4kGiDaPeKCikVAvic/wlPI09py5FypaSY001QpMOT4E+nanLuW68fQ7pVM1WHwbZrybRqqAk6hnmUm85ri6tuoLEa/38bBwSaOXvwO50//HXYevofe8TZKVgzfAzwCgELvq8Cb4PAYa9BS2ImiiYj1IFAIDNVbLwRC5zpgM117D5Z/F16FALkGw1yFaS8DjDOkpkH27eUYg/0tk+6viu80s6BIK5nnnsy6H3nNP+s9sxSOFr6rBPzlxPly52PRMhUtUVG29e+zLK58nrTzotnK+9z5uCJ/gvzf1c868M4Jcy6bcmWQmKYdycKdPPckMKQfXfOx0rSxAob6lj71K9wOLSjjGzfuvyhaMeKTExS73Qvs7z3B8dZHOPn6/8XB17/G6OIIrhHCoRtnkTSoYglajVIVKNVVBopxhap+p9VxZqbkbxZMqwyLKVrnJgznPkz/NbiV1+CUbkqcAZPZKcYbFdXclBQzU1muTxnntKKkajJp/T6nZGa7XS8rltPfP88SzwPGVesravb8e/XP+vizrMAscMxUBuzgy38of4IiEPIHmYwxxvOnMsFOR/EUiaJ5wdcEw3TIrRy+CIyMuZvrCREgpn0iquebFW8VfAtAZ7BTL6c9rwZGFEdoXRxhf+8xTnd+h6NH/w+Onn2AuHsGJ6OPpILP4NoHqg2gssQMlQXHZfyTwLRi+aZr5boWHM+D6zXheteEQwXnNZjeLTjlm7C9DUSowRBrwTiDaVsPhumozJSwDMxsqrym8ovSSJMOxYedF5Z5gvOqMJkHjKLiKSrjq9asrfw0izcLcPm/56/5qkxYfg3G14+fTohR0VpMvDlNv+atxeWslZ4kooQ0nhI8TZi+9ASanztpWVStRLtm2RCGdK6UFNb07FqJNazMFVPgUGlXTSSnUC3yAPV7oijE+fkBDva+xunOhzh5+n/jbOtDJMM2HKkukqulrIFfYcrWRKXuo1wrwy35sGgqZGZIgDjuw7aGMr/Ldeuo1G7Adm/BpDvlXIfprsL2l2E5TSRGGTAqChRmCTBUxx8zVAQI22ZJMsy7V0WNq65hsiNwmmBdBYTM1S0oLC2o+Wc1775O0/LFz88S/Pz5ip7Homt8WYspra1T87iFiqp2YaZZlGLmSvVqK/fqUg0jV3nNbkTGl0pjmPR3Pf4/X20XoJASktYxZDeldHYt3Si9gUwRGAojY3p8flRNMYPBSR+MdThJ8fxsD0cHj3G6+yFaO/8WvZPPYSdtOBYbkmw4ng2v5Mq/juvAr1Thl+tw/Rpshz0WrBOOEAZtRFELSELpBfdLa3CYpnXWAYcs2yYcvwnLqUp3XxS70tORCKHQE3fKAPvFx33jBnvHGVcJl2U8ILvYr/5NrMAsF2Q6EC/Xj/J9OVe606+6yP+fPmfo8Tkzfa0pANECzQstWgz1mppqmB8QrY8/LTCSG5btsjReyUSmizEEt73KpiaqwWuSopXqt4ovdMPSNHcqa1ctvkjApNwpZrpUogCIwyEuzvZxdvwMreNPMTj/DeL+Y1jJOTw3guM4sG0bluvCtFw4TgWe34Drr8LxqPl9peE5UiceIApbCEdtxGFPXEbHqapOPtLPHYKiCdtrSH94nIKAba9M2aoJIyQWKoBI7wZfoyURsNgwwC5ApZQuW3rRuxkhsaj1i0Gyfk7F5zUv0NXHWRQE89y8aa7fPO2ftyKX3PNUMWeeyIzpdtnAtXmm8NIJpvCiLscX4yp4XvMUA6bsIebStmOApTn3lJ+lppjoQWzzgDE9n39pQGCW4WTqR3S8aPbRoI1u6wDd1ja6548QD74Awi1pTqLFUIqB7o0tAw5ch1aiKXRy024AZgmG5aV9HcwgjRAMLxAHZ2DvOM9h2SQW1mG6S0IgtLwmHI+FPg+xKiGmJEKD2xcq4WcbrOnKNynqktI1PDVggbEIP5fosaqKJKm+JoOv4jOfBoJZwNDAysvFVW5NvtiaB1cewNPAuIhByIN6mjuWHaMIgiuSEzK7Vh+s6AdOc5vyJ9axRt6CSLAsVfGxf5ufflHUVEV0F1tbdfCt+z1oNcbASGkgUuBTaVvh+qaUjsuT/WYARZi11LMERCD8qDjsIxi2MOodYdDdxai/hSTYRBIewjJ6MJKR3G95KBLzuDDtChynAdtdguXUAYvTQajRqdkVbYVTROLRBYLBKaLgDEk8gmFZsN0GDGcVprMMy6flqIllUMPa1FcchWoHXEndEpAEB8Gn4hGO6eEkEg5Y0FZE9XUsRpGZFcguqv2LcjRLqGclAP6QwJh2jkWKfpnFIzDmXXjx9WkBugaJjgt0apUaPt32+0rwa4DkO/hkkRmZMJ1UItmo3F4ZOsZgViodcjYGVxEIkxpTHZ3BcSSASCIFCGrzKOggDlsIBseIRkcIhgdIoiMk4TlMDESgOXFQrZuzppwUGHXYdI9sukkcn0OB5cgc5W4RfEnYE2AEg0P51wBH7jgwaW38VRgElttQ8Qbp56mSIdM3DLjGEZKI62athO5aCbZTl3PKt4CknE4gsZHE4z1OrhLeRbyGRTS4fs/LBtxFYFzlEk1bR/H9eS8lU8g523mV3BvPnnPjmMuzO4snXgwcqXbTfRqpqVKzXMcUkewBpL5+BopsjKXiRQnYGMgLJtI6ibhU6bcw0NMYgzWMdFtj+dw4CT22pPLH9IVEgQHxCFHYF0BQYBF1JRaIggskEeOBMyThGeLwHHHUQhS2gYRD1kaI4gARay9yfQyWqyKgjkurwUkgtBplmByMYPuwnJKypmTtyhieE4SDQ8SDPSRRT1wyy2WP+Cosfw2mxw4/pmwZW6SFu3CEaERgdWS9MpXRdGERhAzinSZMfkasSFXo62baLjtPqP/QwCgCJO8tFGOLWYI+y+26SqgzedKE1EJdh6/z+6qtmo3nm1tT6xhXASN/A/MLz4/WyT6v/Ti2vqodjsczW3NBMH8UgVYOSgYMmockv5ENBzfbzHapRiN+RnOkyLLNB9/q5o8nRCUyLE1PEeTQtK4KhiMKWQdxwH/5ewtx1AbiDoykiyRuI4676dTBAeKoh9GoJ/sJKiIk3TcXtltPwVGF4y0JMCiwkm4lKJwSLDYrMW0ch2KVwsERot4Wgv6hTDSUHWo5pM1dgVW6IRaEloMWRzWFJYiDAYIBrRlB24MBlemynGUY7PfwOLaHTU8NALQeLBKyGYQB+uSInmkCOcvVmQesWa9P0+RXautCq24x2F4UwPOC9KuuRyxGxj0q1BzmLb5oqnQ3XP5zsrgUHKL9cxtY6jCkyJOanKrO4TWqliH1DHEfVI+5ct/SAJz0c05P1CDKeU0SO2iXKR4iGrUQDM8RjS4QhxeIglMBBK0Fkh6ShCCg4Pdl6iCSERJ+07oEPURhD2E4AOscccQUswvLKonbZDkV2HZF3CrXZ0DN2VFVgK97VVhuSREJRUPEspZRdx+Dzg6i4T5AQBoJTKcKy7sGt3QdlsdgnsMSPDW/N0kQBX0M+2cI+sdAeAzEA7FKBt/n3ZSxPU5pXcAhxUKbAC2lWa0xOF7Vr59mDYrPPWshmNO+nLckV7lI81z+/Gclnkv3mp/1uasAZjzfUtsZKz1d7E1NTyXtlWPm7fQD5mewXr48HSuIM6O7+Ph80n3Bde+GiivG2xeLvhcmZUo5T2MMLjWjoJNMKIU+K6WeTw5hNgwKMC1EXwRRTRFUkwTFVYrOxDIYyQBGMkSS9AEjSAERSHtrnAblEQER9EB/PwgIFroyvqRqZfRm+m3bZdiemvzBKjcBAqcC0yF4PBgWU6wWjCRA0D/HqLePoPsC4XAfUXguN9D2luGWrsFy+b0iloPAUwW+WNbBGEg+NziSdcs8K77fvwbbV5V0g5aEGS9mylg8ZKYrnZ17FTDyU+yvsiyLWpirgnu+lifS6p/BAAAgAElEQVScFs/3qto/b62mAWTW2o3N7Z1srtRlerNSu3LAVICnm588vXxcXc7fCK3A8wkSBpAq9tDbB6jYQn9OFwiZtZH36f05UvKgvpHjWgZ7vtO4Q2M6GiEIOikgmCo9RRKcIApOEIcnQNyCkbRhYiiD1eiWsFIthThEChC0FAzMNThGjDFCaVKKYp7PE4G0HNI3GGTz9xJsm1akAkeC6br4/SYFm26VBOPKwoEg658h7O9j1N/BqP8CUdASF9Lzl2RgAsft2ASH25RjMJCnZRGL097BsLuFYLgF0MqZJTgERukenPJdsTyMW8jYFXCgpOjsSltl44L0sxZtm8ZiIlhpOrsoWIu6NH9oF2xRIC7q2uXDgcxIbO7sJgqteojZeAJ4au+zKYGp91+gVYz3577qBmiGBiki+jj6hk/k2XMxifjDaYOSmrDOBmq9o9K4g1BGderha3yd7FrmmoIhglEbo+EpRv0jJKMTxMEJzIRW4hwG2kiiDixzBMugw0YhYL1BTT9ntopTzcOIbhOD7SGiKEAcxoiZNpVYgWt0UjeHLhVBwUo159eq1KnEHk5D3BlmquBwdq0L22HtgXUJA0k0QDika7SHYfc5wuEhhoNz2Laj4hV7CY6/IT3jlresgnTLg5GEiIbnGHZeoH/xAMHoAEk8kNiG3YFe5T6s0h0hJ5rOmpATOf2Qc3MTISaqGG5CifEZ6SF6OWBkSjJ90MXPvIyrU3R78pZrmptWfL92v4pr0qCZB9pplmTCem7t7JN2k31pgGTktMzNGs8clQOks5e0T5+3NtOCrTFjSZ1KUzZ0zSFvKnXtQiyEHgGam4KoO/d4HBV76EIf+VKJaOA4pKAxQD1BMNgX/z0O9mHEpzIozUiY0QlkenmSREIrUa6ktpKc0BGJtQjCXgYMCbi5JUbCeImfIC3DEV4UXRwKO2MI3Ypqsb5BsAg4lFDDrgrVw3YZM6QTz3lIgoNp3N4eRn1+70rMI/ubW4xNmAZegc2g3FuFSxovq+FJhGBwhFHra/RajzAabMIyI7geJx7egl1+E3bpLmyZSDK2HCbIyWKtZNw6q31zEbBC66h2d6Y+3z9Q/8U86/KqLtW04846lsj31s6BACMzIbmK9jyfUM+GmmZiM6ugtYvORk0UYVNRTNNVKpjWTyOt2GasWr15JoMLvXmM6vtOC+HyL+OIhCP6B2cIh8cIBweIgz01kXx0CBNtmEYfphHCzrJbtDgyDEdt9qJ71RO6UqEE2pxGCITCn2Jcwa0xWICjxtcFPAKZGp7CLkpXrLDaLMZ2q6LtbXdZUqqJSTeL4PDF/ZK5tcy1RQME/VPEo1NEo0Oxdtx7Q2Xq6K4twfIYkC/D8Wqw2CpL2kncQ9DdxqD9BN32Q8TBuVwLuwId/zU45TswS7fglm8isZZgOyuwJGulioH0lLPhFXoznwIwhBAqFnm6+H5ToS1ajbxc5S1B3uX7JiCdtt7sby92D7IYI6sy53pvRVinjFzREb/qfxj3ABTNYD6cZ0FMm0AVW6T1jfT4auKIGnaWBespvZuj9bPhCJJUUcG4WCyJK2IlVINzhBzTP9hHONwBImZ6OKr/FBankRuBVLllwogO4DO6OkGRbugiCQAgDANxqYJgoFypcCSulBLUNP0p16W4XLatLARfU5vGsKinhjwbNrcAqEuWCRZTupW0tkHekx7ozHRyKBZPFRoZ6HNDGuW6Mfi27LpYHFomk5aKMRhzd5EKxoddxhx7aWIhkHSt66/DLt0UarvprUkjFL9JYSFpMWZveW6Ki4o9ZiAgs/iTACkK2rTfdZIlP5xvXoCcP8si753nRl11vGzNW3uH4+B7onsuJ9K57cCKgq+CszGfSR9YBoWlgft4cLO60dntTrNTY478eNNJJfiquKduomLrqiEMevtlNRWEoSIpGsMeAXGIUYdZmi0k4TYQH8CIT2BbA/bBweFMTT1vN72YDHQSutNFUvaO6VheDzv5GFvIdzjKbYCjrjvm7kr8JANqpm5tpkU9uMKWLcMybIS0MEy30vf316RCbTN1y4CdhEBajYTumLYeMo0upalwHVF6m3lObakUmCIBJl2/kcqqhV2xOHFwjGH/FMFoCMetAJyPy0SAtwS3tKp+5x4eFsHhE3aZzGjrMM02iCqaRb7L1SAm3GM9fjUXz2QJmSmNVfNcqj/U63mg5bNixvb+UaIpBxmNo3DWfBYgE/zc6H4RjkzL5zrI0mzG5cBKV58nG4W06SQg+GDkc2lDkkBAYg5FCVHgIKOW7sdQil0jcpp6zxH0HiMePYeZ7MFITmGZA5jSH+6LRheXKbeFmh5OLbsaGSbCKKWdCzCUNYi4yU2sNtdkqlYVCpmZCiWDJbvKktBnleCwCm3RzWlIFdz1Kohivu6IS2W7NWHPUttbIrAlKQZysLNUrA1PzZPK+iBUwXPcsqoUBdeknh3XxdQxay6Mm9hDH8BISG9hzaWvqO8hU9G8fAb0ah0yTFomlJCbpQdKT3ZSZsyFVC7yM4enZXRmaWTtAmX7Lk5rQXhJib/K/brkvcxgihdPKcfUwFDp0Mts2PyHNED0ppN5N0kAk3PBVIA+Ng/8eczNH2em8heWuXK5yrd+p6qjpBtmWsrNUVmkANGwhWFnB8POEwT9x0DwBEm4BTM5BsAx/eoodENcqQNQ46aWIaGmt2VtWvBUtVxZjIgpZTJaTb4nkWwU3StaDwqg3leQmSglaGxZrUuaNTGqcFxSRMpiTeguietjugiCQOKWUpkAasKwGwjjCrzyhrBzSVnnKoRRm7l3iayp2+0IFaXX68txSmUfwaiP4aAtiYjV1TVUyiWxZHQxDRAkQ4TC/xogjNgwZUv2LAF3dKrBIe1dpq0z3siPL1Wl0XwMSkumTb+qO83+yivSq/rwpwrngoJ8FZYWcb1mA6OwAaUWVhUG6Nmp492QRCRzpjR/8VorKBdLzV7lV1bAS62LFOdSsCiLMy7wiGVQB1Juj8QdQttVRT2JjxUbNpRU5R5G3acIul8gGT0BwucwcQSgIwQ9DmYWN8z24VFDC6+JKVUzrVzL9qtIwEBbBde0KqxRxBGDTdXnQCHg6wQRASNNQpJ2rUq9QnGlWNBbgu/TPWEmicG1hTBgPYTbkJFp6yCJezg7fQLPc1Eq3xRgdLoxAjRx/c6fyf4ZknFiAM90btqJKGWPKEKr3cbewT5arRbu37+POAwxGg1RqVTkHBZHsaeFT5c95qymM5kgcVJf3C45phzbhmUx3mE7rZ9Ofldzii8PektVVUbVV8pUp+G1kH2TWsPLBPHzBP+q16fFQJkC2Dk4pr8yqREyE65dnfGm8iqdp0Ey1hU8iZ4Eok9I7ar3z9AWRL2mNFA+qFdyr4t96eA09c50HGi6W2xqLagJg2EHg84uhu3HCHuPEPU/gxFtwkgOYJtdJELnCAREAk6bjUUk8nlw7JJocK5H7WIcISRjVmgeKrCOY77O6rRqDuJaQr6GtLsOFiyrDK/UFBoI3STXY09GjdGMxAxSpzBNdDsXiKIBSr5iyzLm2X7xGwmaV1a/BcddRqszwOZ2D/e//Ve4+dqfILYaiAhKobSM2eMUZVqMVrcj96ZaqYy7E9N48Pj0BF88fIAgjLCxsYE7t26jUa0Q7gAYJ6n7wpS0WEu5FlpTFv70kLs0dtSdj6mVlmeZA4Z2DPJWJS+QszT6LABIXJdLzCxSH8m/f5Yrp7Oe2nPJn0cDObuG7YNjiTEmUqUpMKahXhmCvPFMA2q9p166qrzFoJbX7le+30LGv6S1iIlgL0sdavcubZFNu/WkLhsP0e8coXfxGGHnU0R97nD0AEa8B9McwrLC1IWiZocIkrTASh+2K34/m3kYN5gG3aO+BLhqnQQErYSDOGadgClZF3FC378Mx1uD5zflPSziVav0z23ECdOjzER5GAwjmIYNxyG5z8Zw0EGvcyLAoLEp+wH2936Lbuccq2vfRrmyJiB6+Ggflvc6fvSTfwq7+h2E8FXGiUKcJgYo0P1BHx998on8+73vvo311TW0Om3s7GxjZXkZzaVl7Owf4N/+3S+wf3iM119/He98+y2srywJI9dzWXux4Dp22gVJq6mCN62MSOOnxRdrn9KFBCOag6QpRFNcnlmCOk1opwn+IrFD8VhXASgPwvzaZoHTKAIjD4Z826pmkaoD6QB7DBD1+uTvvKHy9/TP+Vy03q1IB5hFP1X9fTw+R1wtm8KqAstweIHOxRYG3A+v/QESdtfFz2GbJOFxHmkCm1t9pZvcRHEogwsYT1CbexxLDlP4TiQJqoCaAKIwMDvDQNRHGNJ9ozA7Uk2mZq/Wbwv/KRgl8DwPlhmj1W7BcUrwfJIIPZyetlAqVcS1YYhwcX6EXucIzUZdAdMd4Wj/A3S7J1hauY9yZRXVch1Pnx1idz/ED/7kr7F69z9EyJGdGhgEqLiYKrZ5uvkc+weHuHX9Om7fvo1RGOCzzz6VwXNvvPUWuv0h/sf/5X/Fe7/6DWr1Gn70znfx05/8WNzRWoXkRlsAQlYys3WVMpm4Fo5PTgU09VodZd+HK6nyccEvXYKyYjkluYhmXxQY+n3TBHoa6BYBYl7+8tYjv6axK3V4Om5U0ozVnJSKq6F9fPVUxiRA3W8h86A0OXBcq8hMlba1+RuZBngTAXy6wnGzkrJkimJuIpZGpAQIB+h3dtE9/wqjzqeIO7+EGT0F4jOY1hCGSWCooqXChag5iU3EeiUGPM7s56EkplBxQxhSGdIF8uG6TSSoylACWgGmO+kisahWKi0hCFnkI3GRaxvg6PgQ5XITtfoyLNPDxXkXfqmKcpmuW4TTU2bI+qhQIO0GXDfEyeEH2Nt7jKXlG2g0r6FSXsLB/jmePdnB6s0/xdt/+i+RuHdhmPqeqhoL3R8CnvuQ6+CfvedUHuImpM9pGAT4+Xv/Hv/bv/rXODg8xFtv3sd/9B/8JTbW1zDs9+VesGA5HA7RaLDYB3h+CeftNp5ubsL1K7h35w6+ff81uGm/vRYieUYpubToKr1MjDDLzcoDIw+4aXGBfm8+QyaSOid4vwpMxk4BGBLcpu7S+MBjPpSiD4x3QtIL1bGD0iKqs42fl2nSqUlW6W8V8KXUtQk+b/5CFCDSLJm0ntKdYlAeIhyco3v+BP2LzzHq/A7G4EMY0TZMI5DpfxREsrMlsGRDila0KRFR8670ZUjMFFuIIr6xBNMkCBrw/BXZvN4vVcRNGoxYB2HWyUW3O5BAvuTT3eri+OQQpVIdzeYSBv0egiBCqdSE5zELNcDJ8a5U2yuVOrzSqjBhz08+w+nJFurNDaGtLy+v4+ToFJuPn2Jk3MGP/9F/j/LKu0ikgq5bVItNZakrm2oYHSxL0sNIMAoibO8fYO/gQLZZfvON11EtceyndoFjyWzxOfFPrXYH560LfPHoK3zy+QN868238ON3f4jX796R90RBiDItS1HoCjvu5q3JNAEtuunTBL4Ys8yyTleBZRGATANnBgxtWvKoUz9rnT6ZeRDBz1kADQStwVT+P03Rpmfmo6AQynZg8mC0dhsvLTt/6kqp33W6kFqK1mIHndMvMGp/jKDzCczgASycpiAwYNuxbCkseSvGEEzQ0OJI/UJROFQvtYolEsYRYP2hkdYgfPg+A19F76Cb0Wp3pTpcKddksZ1OD5XKsliAXvdCMk40TL5n4OxsE7ZtSXaqWvHR6+2idX6E4SBAtbaE1fUb6PUuMOwfYDjso7l0U4C2stzA2ckh9l68wFlnGW//2X+Dm2/8FRKzgjBmVkw9DVXnSfvNs9SqtIKrWFFkfgyY/miEh48eyYdv3bwlCZF6rSrXIR2AKSVIXN9Ifa7d7eLn7/8Sv//sM7x25w7e/cEP8K3XX0en3Ybv+yiVSgKUwWAgP2cD+C7FoJef7TRBXMTKFEfxTIsV8tYjD76iS5YHzLRzCzD09sAaBAoPqvtN3TxTpSfV0ZTAC7t0/JWhOc06KTcqtRzp21RKL61WixVRkza0dklPq35PqSYKsGplIuhBC+2zr9A++RhJ7yMkgwcw401YYBaKdQIIMNTABKVp2SBFAY8TlbtX7iD/7qajaehnV+C6DSSJonQQBP1hBM9jUdBCu91GudJAyS+j3+8KgbDRWBagj4ZDuC7dEo7IOcf52VMYRox644ZYlNPjR5IetWxmrEpoNJs4OtpDp3UkFqZUWZfCIzlRRwc76LXOAfs+rOY/xvd//J8itpYxCJipU4VH1kKEh1WoMmu3NxMOqdkn6A0GeO/993H3tdcEyDu7+3BJYDQN1GpV1VsyGuHevXsYDYaolktS52gPB9jdP0Cv28XG2jqura5e4lPR2lA+JA2dKdFxQiavXL9JPDINTFpuMvnJjXPKnyv/Pg2Wae6ZZmCIzO0enaUxxpjGnU+dKjCoZem6jl4kMzr6S6M5c50yXtS0rYu1FVAQkAWl9Q6JKNLNZtQcJQJT32gD/e4euqefoXfyITD8GMboMWzjSPopxPWyOFk8Ddo5SMD0YXEgAQcEyHibkuT8uXTPY/+EmupH8t+wz8KXC8etYjCKMRyFqNYazORiMBiKQDPeGQ0DuK4jGaaLc1qqGOWyA98HTk82cXbyFNVKCZXquhTeTo++kthobeMNoYXUaj42nz9Gv3uB6zduoTuIsbZ+Xegmu9sv4DkmeqMNDM1/gL/35/8ZDP8GgthFGAzUQDmpn6gdpZSuUq0CWoNq6y80EfK9ogTbe7v4+uuvcevuXQyDBP/Xv/43WF1dxb3X7uL7b38Hn336e/zxn/wYe7u7qJVLuHnzJvYOD/Hk2VOsr63j9q1b8B1XsnjjfdbHEWK22WiWadHudjp4L5eAuczEHhcQZwFg3t8XsTjFY0y1FJqysnN0JktWPCTVeqooF/mwWB1SHUil8IpozX7XZiazGGPwpLvKZ+tTHtW4YCQg0BVtqX6n62EmSh5wiO75cwFF9+TXwOBTmNE2HKsrg5U5h8l2OMZGVZhVs5CamMHA2WQBzvKyYFtlpZTVisIIw8FArAIr2FFCK6PSrVEQw3G4liEGA9LVTQEFx+t02hdyr3zfklijdbEHI+4IMBy/IbHU7vOHEiTXl69JfWS52cDx0QHOz05w49ZNhGQpWS72dvfhux7W1pdxfF7BSfv7+Ok//C8B/w6GoSMWyZFtBBShUrf36uen72XW2UjKfgKMohhnrRa6vR4+e/gl3FIV//v/8a+wvbOLv/yLf4i//k/+CR5+8Tlef/MtGUG0t7OFP/qjd3F2foEPP/wQP/nJTyRjFQYhtl5sSkGR65g2J1i70CyW0koKUVOsdTrTNGW3pRzSlHKjxW26zOVdomka/1VBM8u9EgzsnpxnwNAbTHIan/I7dWFPA0EDZJyZnQy+WUDOJh4oYluOUVsEhuYvT/Z8qwKguFxs4VTECKkxjII+OieP0Dt+D8OzD4DRI4ktOHFc0qYOawwEAa2EYqzyobDSzL4IplHpEg5H5Axxfz125tFdKmE0jKV4V2+uSzsq21Q53ZD0D1aObYvjOjdhYCRCXvItXJxtC8hKlSWhsI+GZzg73oFnm7Kecn0Jo1GAo509dYwS4xsTZuzg4cMTLC0B128uweUONIaFrc0DrK5dw9LqErqDZTx6toKf/eW/hFF+A+0euxNZlGPKmbEPAaJiOG11M+udxh8y5Nq0EMTA518+wuePvsK1m7fx5MlTPPrqCX7zwYf4sz/9Cf6L//xf4OT4UCzBG6+/jk9++1v89Kc/FS31i/few/Vr13D//j2peXz66e/x1htvYqnJDTQZz+Tj0HFAzyJixOkq0UgyeZL+5hxeFkzTgqX2RrJYQUnixLR2/dpVFiEfa0wDiXLrJ1tniwmBIkiMneOzrPI9mRUaB3f5k2UJqdQ05oEhP+uKZZZKzFkXeT13NGV/s9ZJpfnyZxsPPIiTEQa9cwm6B0c/x7D1MexkT/orSuUSylXV0aZcoZK4D8r6WZJ1YRst4wW6RJqMSAoFfXumYsPQQLlMEh+n+RFEjsQOrIWUSrYMHjjcfyTuEt2oYNjF2fG2CEt9eR1+qYSg38L2i+ewDQh/qVSrotPuY+tpF7dvVeFWDVSqFXQvApydXqBSLSGMA6ysNLG7d4BBP8Gdu69JQbDVa+DD39v4x3/936K28S56QwdxwEENjJ+Y6bLUeAdmiiJl9eT+60nwrNXTujCPFwPPd3bwP/xP/7PUvX/0gx/h4OAI7//qN7i2sYF/8c//GSzLwPHxMX78J3+Cjz74Ld5990dYWl7GJ7//BKPhCN/9znckYP/6669Qr9Vw987ddFs3psTTXW5TN1gYvzJ55RDt1gGqtaZwxki5TxJ2HerxrWmHpn7kl4Ax2RxXZEUXBV7Jj0q4XJXiXcTCGDtH5zIlJNu/eyILdPkQvPfCQs3VM/JuVZYGTEl5WXZEIyoHKHU/LwMjnyZWn6cA9NBr7+Pi6PcYnr4HO9qE7/bg2IGkRE2hiij2bRiMMBoN4HoU8kTcH7U/H0HCbj011pJFu1qdkzQqUsST/TnMSHZKurg4RhAM4Xs26lUP+/ubGPSOUa+TSxRj1B/g9JDBcxOm70r1u33WxdbzPdy8UReCYL1ZxbAfCDCaTQ/NjRrK1TK2nu2g34/wxlt3cXh4iOvXbuLZs2diZfjN/TO6w1U8eLKEv/iP/yuUVt5GbNZkBhZdkyBKYLukpbgYjgKpQ7iumjwyEGuoMn/K3VEp8yCOcXx+hnaHgfSq/LvHwLo/wPJSEw8fPcTx2Sn+4i/+Eb5+9DVu3LiBN996CyfHx7i4uMBP//SncEwLe7s7OL84x/feeTt1ilRaXLF5FAVIWmY5aSXYwe72F2g0fHFRY1PtY26RRUxO1sQejco3GH9pzonWpMqF1ywNDYpplmCeBZkVa0yoZAJDTibbg41nNU3LPY+r32NrwsXmF5ldWi7GyDIEE1SSdOcjcTYnb0nqsKWoV8Dg7Kf22VNcHH2MuP0hys4RXGcEA6R/RBgN++JeMIPEaX3Uon7JQ7/fk4CZuffhgO/lRA8W7hxFCfcb4nap7FIXrkuhP0G7fSTuUaXswTaBnRfPEIY9XLvG2oaJXmeA1nFXBjuXm2wachD0LHz6+21897vscWBrKS1NiK8+b+Ha9TKqKz6WVpbw/PEmbMtGuVZCu93B6vI1fP75Ft761grOzs6w0lzHx58e47D9Ov7pP//vYDfehF1egW0kUqXu9vqwHEcsJe9tr9eF4zLj5kj6lEVL3/NhmTa63Z5UuOnC9UeMkfpwHUdiJ/Ko0rGO6PZ7wr2iVd3d3cPXj5+gXq/hzp07eP78Od7+9nfw+mv3BGS0tLdu3RIqiQT+KTC4rbMoSaaWkx6seBcHu58C0QkaS03E5rJs2+y6ZBAzkZHO2ZXmAS0D+idVh9FKV9x6iW1zAX9h/pS2GNMsQrFuMgscWe2EwBATxZ7njDuW1k4LAbjKFikSoV7eNGAIYrNC3zgrpQGUJyrrWDujgKhbkX1rfzQcnUqle9j6AsaAo/h3EQbn6gFYAQb9rlC42XPNOEL3rrPARZoGfXj6+75fQxBacN0abJeWgnuGh2hfHMm/5ZKN0agl3Camo1zbIcMEX335WAbG3b7LAWjAaBDiy0/PUasBN+6SVeugd2Hgq0en+M7bS+T9YmV1DQd7J9h9doG1tSYiu4vrN6/hi99voVazsLbeECE2Ew/b20dY2ahILGQmVXz40T5Oe7fxT/7Zf42b3/lzxJxqKEU4VujVOB/HovUjz4uAZ3cfyY5kDEtXFFzulkmOV6x4XFQWTN1apiPp2k6vJ/WQkk9XMhRrQxDx5/5ggID9KEjQ6bYwGgywtroK27RwcHCId999F55LOowKwhmfqPm/qhCLqI9ktIPWyQO0zx9gebmEiD3m1hLK9fuwXe4zWBHaewwSK5ncSOtaeutmGUrBb9UGUFSf05T3PDdp1uvFGMbYPb5QjUqKYpoVe6adVMRV+4GpHxdzhmqeQKiZkamAM1AtBuh5YAiI0qIQfVWVraCPyD+GwoviCH32bo86jxF0yKL9EsPupphr12YfdkfWTkFgr4XjklJuodcfSnWaozGpHBnMMzAnw5bmno0+ngO0W7tikSwrkXiidXYqray+b6PklTHqJjjcI3BMlKs+uNlkOIrx/NEFllc4SK0v/jiCGn730Sbu3HNgOyYaS2t49ngbDz4BfvazGxgZbWxcW8OnHz9Fo+ajuVIRIX7x7BzlsgXH55TFEs4OY/zivQ6W1jfw9h/9FdZe/yFMv644U8ICABwnxvnZlkwS6bRPJV6hUmDxjbUIcr7YOlutr6JSW0ettiyf43UzRmEFXmo6JDq6nBhiYTiKshoJAdQfjuCxSk4XjYCS9Dmp9xHqtYa4aozFBBSyrYHK5Kke9AHi4ba4vu2zj7G26kpyo9N3sHr9+zDcdSTgs6F1bUirbpaQzNVDlOwoNTzu9Hx58Z/lXuWzXJlnwzNqYGimsaqEaouhGMj5ocwavZn7lEvd6uC7aDG0ORyfeLK3Q7SB+I8pt1POOZKRmEnUQtDfR9jfwqjzFcL+JoyIw5APRTg4KoZpTBGIIJH+Z1aqyYci7btUrqegoJYsiwthmjG63bYMT/DdBAc7X8O2IgRJiKVGE2eHZ2ItEnOEaqWBzlmCLz49Bbta3/17S4isEVynhM8+Imt1DU5lKLSR9omJX/96Bz/9+8s4OTvFnTuv4etHmzjaTfDmmytoDU5w6/Yt/PqX27h/ry4pZtfxsPn8GM1mDZUq11jDoy+PsbvTh2HUcXw+xMrNe+gO+7h5cwXtzhnKZR+1hoObN8jpCnC4tw2/5KC5xCEHNnrdPoKQG2FydyfVX97th+j3B5klYaKCFJhydQ2V2jVU6hvyXr/MQJkg8wUoihhZw2BI6giHPXgYjdSkd5msIgEpNx4AACAASURBVPOD6eLRaqhZwxw6Z3MkUbSHi+NPcLL/PtaWlcY/a0dY3ngHXuUWYu4aZXGow03A4KREtZ1aVtsquN5Xafs/tPUQYORdqYnUn96VWHs22suhO5VWwqdlpTRAdLp2wqKkLlYWR8gPur+ZgOGgMw4c6CLk6JveHgbtZ4hHOxLMcSaUiY5oeMdO0O+RosB5TtR4sVgLVr0HwwClEgcipxM72LFmupI2bbePhXPl2AZ6nTMMWoeo18sYxRFq1Sb2N4/Ef4Y9hO9XYCVNfPHpjliXG7eaGKKHaxs38clvn2FlpQ67NFLD4MImPv7dLv7Bz25Il1y5soxPfvc1WifAD3/4GvaOnmN9YwOPHx8IIJTGcbCz3cP1G6sIo57EPx98cIhmoyHWilm23iiEYUe4f38dnc4Jyxio1ai9z3HtWkOKjNwvsFKrSPDOgL5cpptC6+Ch2lhBq9NVoa5pCohpITY393Dt+n0cnw1Ra15DtbEukxJ5zzy/iiEthseEwTKqjWtoLt1CtbYm7pm615wwYmI4GCmXlMGY1J9cmQhvx/u4OP4IF0fvYbnOpECMi1aI5trbKNdvIYKHMGmg2nhLBsrRgrBpSi1T995nQjfTTOQ1/VVxxqJ2RhT77nFLVLUqFo3TpYJAzcWQgErHDUqQCQydGuNf9MAD6dorxBj59NkYSGpKOG+WZLZj9lezKDSQ0ZkyeKz1DEHvBeLRHsyIUwM5EqYvM2VdhzseDST7xNQoLQRgS5yhUrV0S1RQLdaE/jMr6EkoFWeCgsH1+ckxwn4X1WoZpmuh3wvx5EEfpBLdfK2CIAyx3LyNTz56DH789t1rOLnYx93X7uO3v3yKUhm4fW9ZhMgxlvDLX27h7Xc43CDG7btv4vmzfTx/fIr7967j5HQPN2+t48EXh1I7YVbp9LSPrx6P8Pob1xCMuqjUlvHRx5uo19ckiVCtVnF8eo6lpTJWV2ysr9fQap9haZnFypGcZxjEcL1Suk+HotoMB31xUYeDLtZW66hVHQyHbXER19fXJehn/8XS8ipebO1ieW1NrNzqOouQDirVOnqDrqwxiGzYHocorKNcu4168zWUq9dRa16HX1kVwiUHyDEzyH55A65MSDTCXRxt/x0G5z9Hs9qV7OFFO5QYwy8TCDb6gYel9XdgeTdg2ARdJbcvyOWC3zThngaMLAZeFA2594n87hy31B58KQ6I/MwfmwMMfax8VkoDQ28dpvlS2p0af4a8HyKOY1/YNTdAwLmyoxMMWpsYdV8g6m/BCA+A8FTGaLo2MyKcRk5t7KHT5qQ+Bpks5hniKqnRlWrwGUHhua5wm4Q6hRinJ4dwrASVUkm069H+IYa9AZaWmmj1zrHUWBUXqVoBrt2pYRQOsbJ0G88eM8PSx81bDWzuXuDdd2/ixdNj9PtDrGx4aHeGuLZ2H++//xQ/+hFdng4q9RU8fLiLgz3gO9/ewMXFAW7cvomPP9mRLcm4zvNWiCfPL1CtMdvFBqQIrY4hlBTyrIbDARzPl3bURs1Ave6i3bnAymoTS40KDo+O0R1GUthkPMf3b6wtC//p9OQUK0sV1MoG6lUL1QpT2T2srixL5qlWLaeFziFu3FiGZavgnm4T72e5wr4R7jPoSbwCu46LDr2xFYSooVK/LtMRG8v3sX79voCJ+w96HPhghjDiY+xv/i3O9/8Nyu4xHNdCuxOh1ngdpcqapJm7Awcbd/4YdukOYK3LUDqCg5ZU1S3G3aN5GRq7++PhzVq2iszffOlsGk6KGSuR/+2jCzXtvGAxssEIGVU8JfKlwXfeYuRdJbEikj3hrZ2sfOeRLZaCHhRHX3KzluEZhp1t6cgLOpzysYskOBNyoGkMZeAyp4G0L45RKjPdaKoe5yoncCizTgtB35puBKkevu9Jq2q7fSaFONtwcLC3B8uIUSr5WG6u4OmTHRzsAu98fx3D6BSVch1bTzrodkb41jsbOD0/wVLzNn7762fY3wb+/M9voDvaxdrGGn7/uyPcuLGEaj3B6VkLjnsDv/rlNr7zLRIVmQyo4dnzEzzbBL73zh30+mcwnDI+f3SCMCmj3ljF1u4ptg/6cEtN8d1bnR5GEbdCLknVvdPpSo+EGvzAEYihxBH06VljoYbu9IfC6YrCAGury0hCprEZR5HsGAk3i4LqmCM0qi5KHocxjOB7HjqtY7x+ZwnVcoTX7q7g8GBPiJTBKJBKe61iYXnFFZeNvfNhHMLnAAe3gnafXPNlbO+FWLv+LfiVFZSqq2g0r2N1dRnlUgwr2cLes/8TiF6gXGE6Gag13pJ+l/6ggwh1LG28C7dyD6HRkCHU3P+c3DZd+tIgmAiOcxnTSxmlgvTPAkbxc9oNyyyGlPbzwEgtxcSCslE4ypXKp2nzSB7PkKJ7pVpXp1oN+tcMcKMBRgP6+S/QP/8Sw9YjJIPnsJJT2UzFZYAtcUeITktRDKo1ZpVYJ1DxBCHol8oYDEMJrpnRIjhLXgndTgujoCtbHdcrK3jx7AXCIMFSsySZpOfPdnC0D7z5rQ0MQvZUVNA+dvDlwzO8+bYn/nyzeQ1fPdzE06+Ad99dhVPuwC9X8ODzE/T7wLe/s4Sjk3M43g38+/d3cO+Og6Vl+vUjHBz3sbnTR3P5GgwrxkV3hP2TRIJQplCPTtrojDiT10cUsZebnC91TYocqP61uAkmm4VYvJMWX1OSDGww6vYGqNXq0h1IS0HQUPBZw9na2pJUcsmzZSBbyTOxvNTA6emJWNRG1cFyLcGN9RJWllwEgx7OznuwORWFVqpqolwa4Np6Cb7L9PBIrFatwf5wE5XaGp4+P0Nz+Q46/QTPtw6xcf0Obt6+hfWNJhzrFK7xDEZyKNaele/1a9+TLQn6vRZcfw215e/D9G9iFJdQqt6B7d2VAdTSdy/ZRDXvSgmyylLltbz2cDIrsiAwrvKyxGIIWzLvSqXx8MQHdfNSmk+eBoyxS6WtC4Vfd5/l6xnq70k0Qhy00WtvoXv6JUZnv0fUewqLY2+ilrSMEggJtwGLQylOlUqeVI91DMRzliqMBSJJJ/qeg/MLuksOfLuC7a0tVCqO+NPV0iqePd7BaAhcu1ZDY7mE588PcXEK3LzdRLkei2tkhEv4xd/t4/6bwGv3r8vMLMYvv/zFDt753hpKtRjd/giPHraxt09rUBainuOt4v1fb6NW91BrrMHxa/js0Tae7Y0k68M46vishXbPQLvLCYemMHjjdFtisqEoBGwvHTd1qXZc6c/2aClpLdiay+JlH8vLKxKH8D6sr62JwF+/fl1+Jyfs8eMn2aB6pnsHwx7KJZVZCoMYlZIDM+mhUjJx59YGTk+OcXLaEmvvmAnKXgLH6mNdUstDlNwRlhshXr+7hJUlG7WaK8VV4Zz5FZycnqFcLaG5XIdXthEE52g0YkmrdzptSUevrL8umat26wz1+nWU628hsZYllqmvfAtW6TswnBuyI5QMoZP2AaVg0/6DSzWNfNBdjEzmuVJT3avt44tE6ge5hpUptZTxZyV/O97jQgNEI5oPhJooG9aco4bkA29lLUYY9Q7RPn2E3slniNqfwhhuycxZZjWYBmQAyhBIERtZZ+DMV7oajCEU2OrNOoIRXQUH52fH8H3ux2ehcxHiaL+FpSYnYFBrLuOLz3dxegy89ZYvm9aXy1U8/voYXsnG6rWSuB+N6k189ukWmJX87vduYv9wB2+//T28/97nKJdtbNxYwt7BCQxjFe//6hDffYej+qvCgP3q6QEGATNcrgj8w8e72D0JZZAztTgTA7oBKuu2S7Uhn4NOl7OirvtgZAatbaPeqEmPdqXMzkFf6C3kgbGvnN+k0zPRwExRvVEX4NAl3t7ZR7lCISNRMpR1qGHYFnzXEcvQ67ZQr9EFDdBqdVQyhT0kRgiL7AKDHGDygdpYrYe4sW5jY9XCSsPAxqovA7SptJgYqdYsLK2UEXMaiUUrHsP3HbRbF5IcqTU30Buoouzq6i2UKjcxClwMAwNLG++gvPxngH1X5msJOCRTRXFPd9XNERezeDhHu8/r9VcBhXx++5hcKeaFVDeQblJiSqNIxBLzRWU/rvRlLlXencpijixDpUzg+O9qu+Bg1EPv4gV6Zw8wOP8M6D6EFR5g0D2GEXNA2FBuBtOQzDWSqMfqLaN2coOE+uDzXz5AA2Zs4ejgANWqK/TyUd/G5tMz+B5QFV95A4++3MX5KfDmm3UMgo7EFJ98ci7tr3/043X0Rx3Ua8vY3z3H0ycd3Lt3A89f7OLuvWvY3NxHEALf/9G38PWTTRjGEn736R4iqySUjdPWCDtHHRycBrIjEgX06PgCg4AWgJqPd5y5f9VByCqy7MIqUwzZIal656lUCAT2idA6yLgd2xIwNJsNeQC0EqRv0OVi5oxM4GatJtko3m26lr0+B7qxqs0ecUvcNMZjvJcEALvxmISgBRkOmCpWVWwSLSX9TZqNEWM07IlLylGfnM5S9WOZGF/1Q9zaKOGtO0vwrIFs11yvJlheirC8ZAMW3V5yutQUluGwh1qthlKVmbWOyMPS8pqkhC9aA1EY12//GKXln8Eqf0f2+CC3iu6XLFookFS8ivldDJqnyWveGsyKUaZajBfSwcfZRXozSBVv0NOdyi+RwpkqgYug5zaUyQRfD0bIqCNqfpEsTFiI3JKXPvCZ9G4Pzz5F2HqYVrX3ZF85C+yPGML1TFiuA7/kg1VYajtmSqjRxOeOFR3dMW2EfeDkqIV6Xc2g9d1lfPkFZ0wxToBQNI6Pz7G/H+DmzSWcnZ/h+vV1KbCdnMX47jtNnLfP0VyqwzDK+OV7++Jy7e610Vxha2AVO3sXuPfmXRwctXB6EWJ7v49uVMP2QQf9AGj1IvQDG4nMZ1IPUW1er4bFqV4JmkClA3nvKdgysIFD0dJBdNIRl1aaaQUIFioCZtlWV1fEMtAy1xtNcOgBe0ka1aoIL5WGJCTYWJRWjnkO5aKZGEWc9G4JMAhEgoMESoKUnx0FoVhmJjfIqCUXq9tpCy+Mior7nw/7F7CNIeqlBGt1C2bcRqNmoV4e4c4NG2W/j6UVHxx5xSCcGblK2ZVCpEPr0WnB832xbHQRL847MpersfIOaqs/g1V6G071HkxH1TdkhJEMztOdpZNxxiJsWm1d8lZmVpxh0JXiQ9LNLfxFtYUqi5FHmVgFcfPSv6fDBjSDVg3uGlsHPjhd0c5MjUgKrUUL/c4humdfIjz7CMPzh4h7Wxh2D2FLC6cKuj2fRaAY1XpNlAZpB+yK40OslqsyiY9xBakfF8cDHO1foNmk5gN8v47nz0+x0uTkPxbAqjg+aePLhwnu3GEAaYm74TpVHBx2cO+N6+iP+tjdO8f16xv49W8OUCo5aDSqODq9QHnpFj558AKxXcMw8nF02kdnYOK4E+Oiw4ECUh5FwinoKRVbgmWZPqgmfMi/mguU0hwIjuGIGldZbFoLUi24HZj8a9DiVeD7JQTDkQgSLQZ5So7nSuc8U58OExFJIpQQamYCiedmEiSMSbv3hI3b6XWFVMmv8/MzARmtV6ejtHilWhUQEIy+R9YuA34TpVJZpp4w1iM/i+4XN9xxbcC3IlS8EMvVGGawj0Y1wOqyjbVVQ5gK3KSHtZc4GYB1QSY1SHz0Sy5g0sWLUauuwHRvwK/+EF7jB6gsvwvTuy2BeEI+lQq7p8YXVwXSr/KasXVIdm26v12WjUoLmLl+7OzgumNxPChkwk0iMMZTQkzEJCmJwR9bC46JJIO1c/YM3ZPPEJ//Dr3jBzCjC/FVmVWhtSBvyWJzA6u1ZR9RwskbngwfYKrRSCwc7rfQWPJQ9ms42utgb3uARg1oLpXhlUvY2T5BvcKKsItO7xyN5ip+85sjlCvAOz+4gy+/fIE3X7+JLx7soBcAP/jht/H5F1+KK3J4Auzs9XDr7m3sHrYQ2Q08223h2U4Lw8jDYAT0hglG7CV32OzEeEgNLeBXuimRxA1K8dBlVYS7bACdqeIH5UppVyEWoSfRr+SXhHpBgSW1naRGAkONy1EuhVcq4/T0VMDPFG+300Gz0RQRogWgAA6Gw5RNa2DEvQPTvhmyefkegoaA4t9dn/3gTAcrS8XrqNfrAgyely6tjBsKRnKtdPGScICSE8IIL2TnqprPVG+EpdoIq42BWJCyZJ3bpCVidZ3brTGlbWEw6kqGkeOGbHcdlnsP5eYPUV//M5ilN8RqGKTdk+ie3+VoAYnPW4mJdGxO6RfpJPIZDYysj1cKfGSnzm5tVSkTFYDr9Gz+53xGRc1HVYGJIa5UhDDoonfBTNRD9E8+Rf/gA3RPv4Znx1J8Y8WWDT5Ly74UrFjMY9BIGjdjCvKcCAwLLo4O26g3PPheFe3zAFub9H3pY5MKUcFXj08x6AF376ygPzrB9Rsb2N7u4sVWB+/+8QY6nXNUyw08e36Ij78Avv3dVayulPD46TZM/zZ+98U2umEJw6SE5ztn6A4NcZc4tl8ackQ6GdzTHU3DPr0dbdo4wxuvMn9qBq9MSUn3kZU5swb5XeQJkTmrBr/JZ5ihMlU3oAivy76PqhD4OHVQhDkIRdv2ej10e4pM2e/1pZlIafmSfPf6fQEHqSN0qxhj6HoTM1Q8P++7uGFQHZGK8azafnm/CQ5x60w1FpRpY4KjVq1IPFgpq4mLITNfvolG1UbF6+PWhoFGqY9keIgk3MPK8gCrqw68iotevyXKj12MVH6c+h5Ey2iuvovGxt+HU/kuTO+OWA1W1FWssXhIXQSGjoXzhMTpwGA/Rrojqmi5XF9GMeJXB1UPX281Ns405YLrNEMwfo0+hgZGgHDUwsXxI3SPPsGAwDj8GEZwgoQ9FJ6DQU+Z9GqNfnQoVAL2IFQqntonIqEbVcOwG2Fvr4ulJfZmexgNDXz9ZQe1MrlEZVSXXOwfnuPpY6g20lslGWm5uvY6PvjtE9y5V5ZebWrY+tItvP/BFo7OgLuvNREmDvbPgO2jAM8ZRwQOWp0hgohjeBgYU87Z/KTc0HwmRNpOC30D4kZJHUIF1yJwjLV4J1OXlFZN1yrE3xewqLiDf5fMU8wMjxL2MIrkZ3GPOh2MgqFMQtczhMu+qu5TmPleXrvEM4YhhEIBY6wKgbRKnPJhc3Qn9/1z2GPOoREqNuQaqmWV/aJg8t8SLYtO89Oq1Bjoc2oIQQ0sN6rwnRHKbh8VpwMnOkSzdI6VxjlKfhf1JQL2HKWyDe7OUKr6MqiBm3Aur/8A1eUfw6l8D179uzCcazLiSLZ2mwIMLWvzAvAFjIx6lgy+s6xUARh50zPOOqU+Xi5lq1/Lgu+MO6WpuWTBpt1dUR/9zj7axw/QOfgAA6ZpW09gRR0MemrocRD2hY7ALz4g13Ml787cPXPhrOqWPMYUfezvBljf4GQQF+VKE4+/OsDZMXD9mg+nNIBfqeLBgw5Oz4Dv/6CGk7O29Gg/eXYmrNsbN+lPR+iNTATGdfziN49hl2qoLF3HzmEXT7aO0e6bGIacv6sEWe+6JD3Vsu9ZnpE8nraiC6HaVSUwKOAUUjUaNB2ELRZHZahE4FmToYVJfXveAxX4csT/qoz/L1cqMqyZPSYcicNC3skZC449ySbx88xa8Yv/UrAJCsYd9H+6na4IN8fmqIFrBIwqpjFoJ6AkYybdkypWIQjpSmkrxjGfPAatF72BjZVlsSBMjtBiN2ocA8pRqbFksGr2GRruKZYrJzCifSRJC8vLLio1TqIPECWBFCObq9yj/Bbcyttwq99HY+NPYfl3AYPUexXzLPI1DSyLfE7kfkvG56h9iXQFXJ94molRB1ZOgwaCyjZJQla9nHb1ScJKmk/UJiuSkGJB7/wZTvd+h/7hh4g7j4H+HnqtI6FNlcseHDeB57PnOhTT3h/04Lk+XNvH2emZZFRM9lMMbWxudnH9OvsfLFRrVTx8eIyT/4+194ySNEuuw25678r7qu5pb2d6uqfH7c7OzM6sgVlgoQMjAAQp8Kd+8j+oH9KRRFHC0aF4YAgBSwLCAcWBIxZYAcR6P659d7Up77Oy0vusTJ0b8V7mV9lVM7sAa3dOdVVlfvmZFy8ibty4sQPMHkvB5c3JAqpWI7h5exszcxRz9mNto4RwNIJSdR+1VgfJwUFsZSpYS7exne1gabOIRseHxr5bsPUGFQpdRIm0WGmRJR2erBkUUSU7ysD2mwhDVBMB6YsWMiXDD9NwxN3WKgAybNJE3SuJMRer3Zhkc/CxhyIsRsBNgsAG20+50P2ifeXF/MOHgvbQMGz4ZoHAUJgUi44YB49XLBTl3lo0ioaqyT/DPp8YhjRR8XxbTXkPz03qJIKmeSTBZx7EMI1jDiaGhwUuJi0+ECT1RL0Vc5bhgTC8+xlEvVmg+gRRHzsVG4hGmwgEGeI1QOZLJBZEKB5BJDGFjnsW0cErGJj4FNyB43B5hnRm4CFf/1AjOBR5dXoMi0zJw+jLL57iqjiMwOkl9CEoHNttaJLRwvsq6tXax349g+LOLeQ23kcrfxeu6hqa5W1UCnkRLaNQWSoVlYfRbCiSwvCA3qLT8mFtpSTM12Q8KjL9y8sFvaHRgHSJEVFaXmFfNHD8mSQKRVZeh7C6viti3uMTk1hfX5fu5KHRadx5sosHq3W0vMN4vLyFcp0toMwd7FhnbqNaS+guNhNS2izMFuV690L/og081MrVBe/zeCV8IpTK67MaWl0qg8naiUSFQxR2o74sE3aGKVFZyESFmGMwp+DfRkfHsLWzLfWKerOBlZVl8UZSTDSeR8I36VPxod5oyC7PUIqLWYAA48G6z70DMUBrGDRoGh7zPOY4fD1/Jhig9Y66eHIKK7DISAGJaCQs3pTCEZFIEKlkFLGID979PIKdHUQ9OxhK5BCPFBEK1VGtsuYBJAb9iA/GEUmMo41RRFOXER9+Gf4ow6lxwB01Iw9+NOat04b6U4P+de382bWyk+koWtLrknI+qMPzDMGeup/ZyyWchiHAr3gMN/Vmm3WhiNcKqyhtv4fSzg3s5x9iv7KBVmUPjVoD8URQDIikt2KhLFIrsWhUmvHJ3XG7QlhdLsLnYV1C+6wfPykJ9Me6RKdDmnQQT5aK2NruIJECYvEQatUqxibHcWd+E80OjWMC9VYb8YFx/ODWCn5wt4BsxYd6cx+N/Q7aHYYt9AcKQqhR2F6DXv9hV7Hd5Ay9+SB6a7hwJWcwhuRMuun1eMdZK7AAhkWn6JH471gsITu7FPQiYYyPjcuiHB4eEo/BIpnArh6PoFJsTyZ8TVoIFyufCz2S1FBkcKbWTOg1+VVhPzhFrkVpZB8en4ZzFhHj+6WH3sC+rX0KTwREcYVGRpSKeRYNmCAJw0BW5il6xORcgAYBD7xIpRIYHx+Dz1WHfz8D//46Tky1EA1m4PNkEAzUEQp7EGZBMOhCJDGEYGQa3uAzYhjh5GX4ws+g7aJapGTFXaG5fgdyVL5hPfDHvV7W/PL2rskxejMyJKQ6BM6yH9gLo3rELoVpe6GUzl01bartlowZrlVzKGUeorTxPdT37qCRWwDqe6gV2R8BhCKECSELP59lWypdd1gg2WiUtYoY9jIFlMotDAzEZdwX51CsrDWEuRkOE4VRlu29+R0sbwDPnIjD6yohmhzARqaND+/vIZSIwBNKIldu4snyLnYLLHppg4wm1UZMzAaNDKMcMKxOGup1b+n9opdhUVQ9jfCbREaGVWe9t/a7hl8KX/tIyaAXMaLKet/1OKRxcPFRmZwLbG52Fn6fX4iDBEnyhSL2DNwaiihkSylR1hloIJrLNOW9MrvQtDBbugmTbnqxRp01FJ1cxUGXXjdVFUlqVFV1a/Bk1hIupvCa6Hh5VZBOqCeCYEHEGthGMJBS3Sl6RtZCRkaGxXA4ODPoqiAZLGE4XsRwoojJ0QZSiRZCYY4aqKOFKuKpQUTinDA7i2DiOSSHX0AgdkF6NpQiYueyH4WePh1v9acGh8Zk5peuFTNRidIy1iCOsiz7+15uoUfRnw1JsDsOwBQIGVaxqb5VRqmwgfzmLZQ2voNm9gEa+VV42xXUyiS2eVFrUA1c5zUUcsS+g+i03Vhfr2AgSUpEFPlCFRtbDSQSDEtaGBoexOp6Dhtb+/D5geHhOMrVAkYnpvDejTUO3sPExBBKtX1sF9xY2CxjLV1GrtJGvQU0WnwYlMSRNLq701vavey2RhHR0vOtv7T1im4HpjEKG3b5vVp5tnUIe6/UCHQarKJQ9EyqtmENSX52e3QXDgRQq1QxPj6B0ZERoW5o7lUXb0qFj8HBAVEYSafTskBL5bKQCOk5hIMldRIz0FOQR65fZT+Trq7GqhsDNwFZxAKi2GqzctWYC/F9PG8CHmxlZT+41FXa+/Cy3bXdRiIeM4M81bg0HyHk7EbI20Qq3EIykMfUcB0zY1VMjBFi50iCrHQrJgYSiKZG4Q5MwRe6gOHJTyAQuyzolELlFOOWFXmAumTvcf8adm70zijIGkf/71wrW5yoRIWHg1OV7IGOTsDtrqkWqwUrZT9aw5Ggg79vt9Gs7aGw+wjZ9fdQ2/oBapl5tKsZuMmJqjcRjQRk0Ek47IfXHUAmzVoFEz4f0umKdKCxsluvd7C20UC1AZx4Jia07eHRFB4+yWJpFZiaiQOuGgZHhgFPBA8WNrGdb6HaDqNQ82J1u4hsqYnGvi4US+sWOFXYrU6UiRdjQszu/D8zh1xKOfZves16z8zWKewAgglhRd7Jdq1r2KT0EBqkeh2Z0SF0cqqpRwXBE0RJ8hOdiMs8hT0mZ8+cERiVC5fHIQqVL3CMmf5um3L/QutoolQuaqJuptDabZ3XaLlmDKNssVFQNDl9rX8IUiZIHEzx0iUggH3elEOV8zPPnnP/yFnzez1SSbchIusdUs33+VTALujFSNKHmLeEmeEmpocLmBhuIhKtweurwBtoC3QbSw2g4xlB3acsZgAAIABJREFUKP4cxqY/BX/sWcA3IZKr9BpHGcZHeYKjDOcpw1hlc4AdPG8QF6dnOCprt2GTfdDWa3SLe1w2YhS88fuoFtaR27qJ/MZ7aOzcQDn9EB5KrMjc7I54B+LsJM2h4xe0KRlnPSKGzF4RRDfpVQjW1Bpe7O7VMDpOrk0Y2dwePP4EHi7kkSsD3oAbBMaJLFX3g3i4WsROvoVSrYNai+GC6r9KEVOKj7pjKzrX04S1NDCr4m09AYWjFWHS8IsP3jn2wI4ZJmIjOQAF2hoqB6pKKFzwLKMpFKoPxYxGEIFp5hdx4UExIWYuwWPSCLjzU+SNIRNRKm46XOTctfms8vmcXAt/V66UDb2ciJPt71DKiRQHBd3SEc1SVzHtytrrQRE7Xdw2waYn4nHVy0FpKH7Cui00KWXK6UycgMvknDmNgacNEiNGRC/JzkSi8ZODAcyNeTAzVMJwooR4tCTGEUu4EYp44GL3YJi09OcwNPEqwqmrcPumpQhITSozBP7j7ODQvx+1ru2LXTQMeSg2r3AYh9Mddb1AH02kl3ib/MLBqJWZdvsN1KslVHJLyG/+EMWND7Cfe4ji9gJ8bCiifKapuOayNUQjXuHqr6+WpJWTo4CzhQZ2dppIJPy6U4q0fRXpbBNzx4cEzWIXW77cRr7ixUa2jfVMA5lyG7W2X1ivbP9kY5AAAiaRtoU2e50WtlbKvAsdW70ymKf0vYsyhv7dFvI0Due1ssNOQxEiSww1uAgZg/M+KY3chFFmroXyohirq7Q/F6vQyUkYDIakbkHvwRBJaiCtptQK+O9isSC5QCwak4VOYyE6xC9l59IbNeU/J2ImdA+GqeKFiI7prm8nr0pjlCxsRaJ4HRxjZlE5Gjer8Cy68nk0Ww3Ja6RnhB6FzVZtLVDyvHhsIpK8PqJlpPwMJaMYG4piLOnGSKyMsVQVQwkSEUuIxeoIRjsIRAMIRiYQSV5GNHUFsaHrCESfgcvL9leKc6vH7y7mvrX54+QUTk8iR12hxzCVb7EiB43h48IoZ/Zv3bG9ybZ2wQb/WnkPpcwjFDe/j8r2LbQLqyjsrMLrcgka5fWQ++NDbq8Cv98lnP1clt1ebF8lnzOAdKaCUgVIJKiu0cDA0AB29rJGCMCNYDQOly+Czb19PNpoYnGrit1CA034RNJSJ7QqTt/jMpmswuymQuvodipScNJowfbtOXb3ZXxtK9UKvyonQFAln87LPuiizdQPswnxdYROuQvzO0MTihSUKjURVyhXqYzoF7Ikv5PlytVABEi4SgJq6IJLxOOG3KdFPL6exyfqJflfV3lDz8nWI1jg0yRZjVqRLIVnbbjFJJu0E16gGEKjKbAt4WB9DxnOms8QjZJZ6E2KYavmFMM62XRoGI2GtByPjw4iHg5gJOVHIlDFaLIhXmMgVkQiTuNoCHMhHB9FNHkBvsh5pEZfRjB+WhRF2qxnWKa3eT5O0OiwPMIZCR3mRpzgkmuZOYaNrc2KcSbh/QdzGoPTi2iVtNe5x4Ie1cQbtTwqhU0Ud+6itPF9lLfvolPeRSmzIzF1uai9FFTDI0rSaHRkmEm53EAmT/kWoiMQXaTmPpvp6wIrsmknnoygUK4gW2qgWANa7jC28/t4vFFBttyWrjo7OclKUTqN3V6nhWP5s4QVFonuq+fYm927P2oEkgPQm3SUE6W8KE1mucCUXesSmJNhF3lH9BBkDvP9iXhCjIJhCRPuQrkmeQP7rwv5vKBKdodXyoXyhWw4w88mYKFeQkeHWeRJBK1N3tClm7Bvm4xaj0/qIRpGqZibzQuscSsYoPUYGgg3MOsFlfquRU+eV6PJ5jISARQCtpQWTeVY2NSZhxyDMDiQRDTEwl8EQ0kfkuEmhmJ1DMfLSITTiISziKdaCMXiiCRPI5J6DsmRVxCKn4PbzwScjEQ7fu3oaOrAYnf0iX9U/CXPeUmSb6IWh4807j9A94OMB+siVDYgN0RBcpzY8kgWLWdaFDZvorDyPZR3HqFVyqOSJ108gEK+JiS/RJwueR+FAnuKI6KSkS3UUK50hPZdLFURiiRRrDSxvVdA2+UW4lmt1Ua55YUrkEAmX8f6bhnZSgdNkZs3sbsjqbQe0aIZztjb6ZJtDGqv10Kt1rCcIWR34dGDuMkI1sYiqRmYcIqhx8jQkBTBWJthqLGb2ZUFzLyKNRnKieYKJQkLi+USMukdVCtlCdEsDYMegDuz1DxMF57d9Yl+8XgMx3ie/Lck9saLEU6WHnlCsl6veAbCv+ItJKxioq6hnkCxrEl4vahR0VHoJVrdZ94ndH8Tjqm3UZSN0C8NWQSlLTWICTk3uA7EGMPBAAZTSQFXhgcTmBgblN5yv6uMoXgdA9E8EpE9hEI70g0Yio0jmrqA1NinEEpchDc4CbjJ2frHGYbTaJxpg2yOi5vpA4ZhCXFOg3AiVN1Y1dAHuj/bqrdJZjn9h51f9fI2Spn72Fv9AIXld1HfW0ej3EAuk5U6xX6rg1x2H6EwGbTAXpZ0c5XyZz90udIQSNUf5PRTFxodD7JVN/ZKLeyV6yjU9lGq78MTiKBUaaDW2EdLcgk+FlVlF7hVOE4aGikkaYh/DnmWfk/Zyz0UErSMTC2aaU8KfycNQJpdiCGwlkJBZH4QFxbJfHa35u+42KuVioQVXNzUiLV1C8r+5BkzUsisXkMhnxM4VRu9rJaXemfu3rwe8VYMzwy3jAYgi9tIZ8oCMOGiGJOBa5kzSWjUbArqZMNBYdtKkm0mwbLo52HuR2MicVG5Vzwur88CC9wMSAnhfacqi+WC8VpYmQ8Ew+LZBpNJpJIUlAtgfGxUqOeBgAfRaADRUEd6OqL+NGL+BURClBbyI5I6hvjwp5AcfQGewDRAGnpfi6tzcR/lEfo9yGEeRTwGDcOSCHuhxdMFvqeS7I8wjM4+E0QaRhmV4hryGx8is/w+8ss3UMvuoFEF0tt5hIJueD1+aWt0yYB5t3iKUrUpOrQU+2o026g2OmgxTPF6UOt4kK/7sJOvI1tuIU9jYMsmZ+pR3VVcu45A7o5Fhlm4YgsW9366MGSNxRkyHRaXOv8uC8TSxI1oAXduUrTtJ3DSKRcUd2OJ+cmQDQRkShHRJCa29BjceSVJ9filsYiLmIub3XM2sScCZAl/1ttZj6WVeEh+wy+LOHWLdVzcJizjdxokDblULImR8jOc4TGTf1JIuseVsFCNxZIabbVeFNfFC1EjrKVjF0xxkOEs6SPMS1j4S8WjgkJStIG/43kMDg0ikeKMQy88aKK89xAh1wLGBlijaYp8aGr8Exgcvw5vcA5tV9TUl9QE+lGmHzfxdhqSPN+FjZ2uYTgrs86wot/6NEm3lW3z3Y4DkIJeA61GBbV6EeXsEnLrH2DnyXvIrz5APZ9FvdLBbpqxMxPtKArFCipVtlWG0HH7tD200Zb2ULaFippG241io41cpYVsuYFqC6g2mHdIw2N39LFdtHYUsqW62IzbVqb7C0POEMnpOezv7Xdn/0l/7cf2LDDU4BfDDSJS/C9AzN/ICbFXgk1AiXhUHii9RK1O/d2AqIxTqWR7Z1dGg7kF/2cPChNvJs1+6Z0mPUO7I5U+ItNwZUdvSyOR0zCkx0L4TWwRDokxaPKuU1f5t1ajKTkGayS8h1bEjucn1XNjVGoI9ABhOSfbR0JDYL5Cj8CKv9RHbG3HRQpPEuOjYwgFfJgaH0M4FDTNSSHpQuTntdnZ2WygWMihWtpFs7KFU8eDOHfCjbGxAUwdfwmjU1fhCx1Hm0xbKbwenS0cZhzOHNnC1M7Xdf9uQynLrnWGUj+K1Vm6gMJ9VJbYR7vVkIlD1Voexcwi9lZ+iO0nHyC3+gTF9C6a9Q5qIjJMRqVqrHJCKkWZ4QmhWAeypbqEUI22wqJ1hlnlFrKVOurkM5GaaPqZNUyixzBG2u0vedor9HhPekOPijMl+bSddSY06SJvdjqoSeb4Wu7sRGRsTlEqFoSLxIVqeykYXk2Mj2N6egYrS8uo1kyLqcuNra0tEToYHh5GPl9ENpvD1vY2SmWdhcGaxt5eVvhm+/tVafgSyX3jWWTEMXUODCImIZ5h7PLfrKfwXKzUDu8X53lzYXNBN8mtkk1Nk22KurmI0vEaDT2eHo0AAennDLWIpFEnl55BvYVC1oxYtdKuz4MQ9+jwME4c51TYKoYHUwLZTk1PyzMMhCK4/2AeyytLEpbxmFSPDAe9GB/24MqFCN584wWcOnMFx09dQzh2AnBTyVHbhY/66vcih4VNR73mgMewcfSPEqvZHam7kwolxBT0yOxs1lCp5pFPLyC7+h7WH7yH3eUFFNK7qFUo3+IT5IkJZzTKri0XirW2eItiA6g2Xai2XGIEnCFHKZp8uYpakyCqTs3odAXJTO9cH+pgd37rRWyVu5dYW80rkyF08w7NJ+x9oDHxGAwT7ILjMUTwzYgXaNOP9lc0uXhZnQ4GxSjGxieE/s5FzONkMnuy25K2UWvUhPUjdQMTqnAXp74sO/u4yzOjoNLi0Ogo7ty5jezetpAtezL02ktuFyKNk8VFoXuw6u1RikckxL5xzqPoSA2CHX08XybzlXJJ5Ir4HpXr8Yk0J42BxpTL5dTr+PTYtkbDkJFGzfDRzixkTkQPQtTR7srMJWYmJ+W8J8aGRRyOU3B5bbfuPMDGVlpE7ArFIra3t+QeCjDhqePYTAwvXDuL69ev4Oq1lzE5dVHmJFLry9kC8aOsW6fHOMyguqEkQ6l+VOqwJPSjDiI7r8iaKORHbhShWkowFjIryKx+iLX5D7Dx8J54jHKxgnbbJTqtnONAj0HvUG25Uax3UKJh7LtRbXbEMDhDjtBro2W8kkmruxCs8RQ2TLJJqj1nmyjaeo31FD2FRFOwM8ZgDcl6AsXLtcDBxWuiWonlZcQXBQjqlMZXNRQuDFaBhweHkUoNoFgpy27P4hsXvU2WLRmRSatAvB1yirQewR03Fonh7NmzKJYrUgOIxpPY3NpAdi+NzY01lRKSz6SAhRElM3R3GXdgqtk8Ty5gHo9hXrVeQy6vYR5zMiqLMNF3meTeqEObWkivh12q61K78YrCB42GPSE0ciliCq8KcjxZQwbk4L0bHRnG9PiYUELGhgcxOjYiJMnltXXkilXsZOghNXykHBKPLWGmh5R7H44fH8Obb1zDm2+8jrNnr8LrpfizznG3z9MZ4fR7gqMDrsP/Ism3bVXt9xj24P0hVc/qdCe1C4y8GjlNqXi3hMRWLu4gvX4P649uYOXu+8huriGfKchsOjYBUSW73uqgVG2h0uigtu9CpeVCubGv3kK4QmzgVwoFz0XifDNvT3YJ2zhlkrD+ncO+xyar+nNvoI1en5Vl0XDEGoXE78QZDcrFEENGdInQQEALWLWa3APG1aRdsw6TSqWEGUw6x+bOtipwCO+op77SnVbLtlJDIuSOTk9Dg+MEI34u43nu4DwPGhUT3a2dLeykt4WKQcPk7twNJQ1USzROGw41zEvGEzKBdWsnjXyxKJ/JXhfhcDHxluq9rGYjoqAeQ0mGisAJP4pi2aabT4p60ah4SBoqq/LSnEXEzvDmaExBvxfPzM0gEY0IVDs8MoIg+0Ka+/jB+x+K4rrlmVkvJiADZy6FfBgZTuDtz7yCz7z9Jp67fFX0wEShUAZd9r4+ziP0m0EvmjDbnZ3zbT2Gs++732P0J6a9WM2EMGZ6qCRbVhHE/I7zJ/Z2l7G98gCrD97H+pOHMt63mCujUm2qp2gSVfJKPlFpdlCotVBpttFsE41Sxqfe696iOggr9+JMZ+W+/yY5r8N5LDUk02/RRZg0tLFGo3QMNQjbosp/s8Irn95RzhJDBBoFQ5it7bR4C5HDlFqB0eoyT4eVf2GdWLRXqoIa0/OaieSMjY2LxE08FtdCoGkQIqX85p3byBfzcnxB4AwTlvdKPBm9B/s+PF6pjMfCEclhao0mdvcyklQzvyBMWylTPFvHO3RYcKUiiE9n+jGssfdLKDms1Xi8OvzTCVu72ONRkkKmisaRAqKJO/vDRwaTmBgdkeGYwyOjcPkCMnf8zr15gZAZOrH2Q4SOOmI0xmx2TzoER0ZS+MQnr+Hzn/00XnrhOlKJAZmQRcPozxP7F/tR3uKo/FLWg9MwrEHYBdT/3bmYut7ELCSbmOqHWd6UqtiVChlkdlawtTqPjcWHWHv8ENtrG9KMVCxWUWFI5fJin9rmjTbKzQ6qNAzqsnU4jpdiYKrS5wyPLPNV5eFs4q1VVrkWmbuhzUa9cEqPYGNJvSZDIHQ+ZAfbmOiTRbEsr0s8DgEH4vp+Nu1orYKhBcMmkec3gzGFH2VYtdFIDOOTk5jkf2MjGB2heBqp2xXs7eVkrPHikyVBpWrU5wG76SKYm5tFPBIVQQKZwsoRZRub2NnNiCaVVMSlVVbzIFuBl36ORlMU4KOhMMbGxiQ/Y9cfFx1rQ4RraeASehlOk+QQ9I7SCUhvolwqPTaLf1QH5KgAUlk4xYkMaPaQ1yWRV4jXjltuIxIOYWQwhcmxUal6X7h4GZl8Cd/49ndljDKFIKiQToAinkph5ticbBjUwv3hu+8jl83gtU+9hJ/72Z/CC1eew2BywBT4eh7jsOT6o0KoXq5pQALHAusahlN0rd8gnAfv9x5OvEyMw77YGIiEVFXK6tNzrCG9uYydlUWsLS0ivZ1GNptHpdJA2+WRWgTRp0qjjQKLd8Wq1DHYsmn7pO3hTVagD6D7P4NnGw9gH44xhe5lHNwprHiBJQf2rrYbWnbRJ93a+XvtdHMJDMvuOjbjcNQXiXzrG1uymHjeQts2C4pK6vFYErF4QmL+s2dO4dlnz+PY3JQwTrk4aMx7mRxu3b6L73z3B7h16zbyeWpteZGMxzE+MoIXX3xRQqFiuYZbd+8iVywouxZKBxGtJyOAQESv0aDyIHftoJASOZSS55bJ7IpHkfxIVCWpS6UdfOyJ5zGFFi9Gw35GBReELMgw0vSbSK7lY7G2KaEkkS2R8zTcNDHMUAijQ4MYTCYwPTWBcxcvYiudw/vvf4BatSIKI4lEDDNzMzh+4hRiqQQi8SgSAymsb2zjT//0HWlW+5Vf+gW8/MI1RFjwpVKjQ2fqsAjhMG9in2FvqR5hGDbHcNYxPso4uovTxmNGmZBwLY8hSITdlXmzm3VRD6xVi9jLUMVjE4VsBrtpDkgvCm7Pm9hqs2ehhXyhgpXVLWxs7SGzl0OlRtxexRTUq1ksQr0C/99jhlq30t/AYvME7SrsXYOlwpjzNt5GwxA79urgrsTdU/7uoigZJ5e6MTExjmIxj1w+L5NRuRicNQ9DL5T+EqVoUNWcbZ9+zMxM4Sc+92m89uo1pJIx5VURwq618MMffoA//uP/iMePF+BqdzA7M4VPv/m6hHMrK2vSw3L73n3JZdQT6qQq1gkUTQPqFNyVqrhXPNXO7q6EJ0Ib9/l05LPpItTr1rnlvNfMjVpEzoyYgwDlzEECQaRSg+I9KPUpkq7MB/zstPRKOCWKleBASgokhDE6OIihgQGMjQ5jdHwM2XwJD+fnkYiEEPR5pT8lHIsJfDsyMYkTZ0+L54gl4sjns/jbv/syPvnKy7j+/FXEI7EDBT4bBXxcAn5YDuL0HN11z1DqqOTbWpbzww6P39Rt2k40axg69pjutCm7CQfK16olmYTE2XmVMvss6ir+RXSk2UK5VMX6+jbu3n2Iu/ceY3snjSpl5iV+tgvUWLidk3CIv7S5gfNP9qZY1Orgaw62nhrX0E3EtUCmo35pGOw7YLcaiXKpJGc5aDwsnXNCpe8xa7kDk8JNCjZ3cGpgcce1jFfG6pQCPXfmGH7x538GI0MJo1rOKrMHCwur+K3f/ne4deO2eKmzZ07irU+/ie3NbUGJPrh1B5tbO9hl37eQ+JifRGQUAmHZYrksVXQaIWVKKdpMAIGsVyEdmqq3JLtuj4RdpHDQqFh1J81DWlaN4VmDjycGMDgwKPMCCbGyQEdCaNDvwUAiIZsG2293cxS6CCIuYnFRScIHB1K4c/e+Cj0EORuROWYb3mBYlFuqzRaGJ8bx4ksv4tz505iemcDu7iaa9Roun7so99+ZFx5mGB8VRtnXO72HrcnJ76xh9IdSh3kMa1nOgzld1cF/a6qhC4QxtlIFiGPTgzAmZhGHBkOokAkkNZLS6V08ebyEH777Ie7eeygxpiAdhjptL+hA8m1ZwY6CXe/8LXJmK/VaS+i9vxdK2TykCz6Y41rOkTBVBW1hlxpVP9wIGM2nbD4nXkJmY5sRzRZhYrjFohgNgzQQkQJiDE8mri+ADvswSBdpNTA0EMU/++WfFVo2k1COHnb7glhcWsO/+Te/g3t37okg9q/9yq/oeTCBvXcP+UIJaxubqFRrkq+QbsFuPv5M/0YjoJiakAybbAOm8DNDJ4ICJPcpz4meiIYRoRyo34/trS25/1K1pycT7WHWqxTtomLJ0OCg0j/IU6BmsM+NF69egQdtabe993ABm9u78AeDOHXiGRyfGhM+w5Mni/Dz86i/SwOFG75YEvHRKQyMjIsnS+9s4iXWL65ewrlzJ2UNxcPRroZtb7PsFWudG/nHGUf/xtnNnZ+sbx/UlbKJqw2THD87YzK7iD7KMLS/hwuSSaqiMgoJqsCXxOF1FgJLUunNZfNIpzP44Q/ew42bt7G5lVYqhIE5bf7yFChgRQwcV+nMhXq/PihUbT2GGoIakBOAUOXAHufAGgV35ADJgX4fxkdHsZPJYCudll1YiO6Ut08kZZCLqAcKzKqxORcg2bUs6jFZJSWm4/EJNF1vA7u7G3j56jl85tOfEHl+KdT5AnB5grh1ax6/+Zv/J3KZNE4em8PpEycxODiIze1tWchM3KktlS8W1Bt5PMgXCmKwDMXZU0GDEJUN9oJEIxJODaQGBG7lvbY0dJ4rIVl6CuYaUlsx3CeBZhmeCYtWNa8k2SdxkOLRPjfOnz6J5y+fl79963vv4ubte/AGQ7h25TkMxQIYiMVw88ZNBDllF22w3aO8D9Q9AcxeeA4/9wv/LUJ+L/7kD7+EaiGNN15/FW++/bqEnV65ew55ox9n9X/Ma7uhlkWltCfHqaKnukhHZfpHJTU2hNDP13qBVHrIpTK9wdKnYYpK7MRjHLu5tY17d+cxP/8ICwuLWCZlolrR6bB9ynPdHd1cpJMv079b9JC0Xl5x0OvYo1NW0tQTLNJmbELp66xO85HQvlvwu4ALp06Koc8vLCFbKgmtmsY/NjiEE8eOCQSaSKZQIyzKAfJGOYQEumiYMptBib3DkRg8gRBKLYpIryMe8eBXf+nnMJyMCsxZ328jEI6JgPTf/PXf4o//8D9gcnQUZ06dwOT4BJaWl5EaSInxEQ1jSJXJ5rBHoYRKVdTNGdaSEMjcwDJluUsPDgzIjk+j2NjY0LqF6QOnl+P9E+EFttUaHV16kArHI5sRYIICmsFDfE2UerkBL47PTOGZ48dkLuK773+IWrMlowo+9eLzaJSLuH/3viTrnAlYqTdRaLqwW9vH5Pln8Wv//J/jmalxfPi9b+E//8c/xJlTx/H5L/4UXnn1VQTpSW1b2CGK/P1r/8dFq2TlWo/BoowNGZwLrz+ZcXqNw9yQZXTK++wMDQquyYQe09BSr4q6IKucnG5Kb7Gyuo73fvgBbt26Iw+IhiPShPwytGobwtlQSN2erW/0EmR7/hoLW1mfg2wzvsbSFey8O2sY9vhd+radWcGEmYLHrg6OTY3j2MQ4srk8Ppx/hEK1LiFLLBzG8xfOo8Gq8j6b+qOoss/EVK+Za4QZUgUD0qjDHZmhS6PjRnJyFmPTUzh1cg7NagGXTh8XJirDtFKF7Z4J8aL/+7/613j0YF7IeJ//zGewubmBqalJ7AnmX5NNZnVjU+BcGiW/pAlM5l6EJX8gWZG5AaknS4sLWjjtQDyGVrB1rqF0A1KojRAsvQhnlQT8yGb2VMiaJEOZ76FsXqWj+OBjMdBDKSQPRkZGkSsUkC+Q/xTAyelJnJybwYP79wTa9Xlc6Hj8qLuDSFda8A2O4Cd/5mfxsz/xNraXH+Pf/1+/iU67ic//N1/Em595GxMjozICu38tHhVCHZ4Xf7Tr6BqGJRHy5RadcoYshx3cLq7+cEORWk3GpRfaUEUEf+fQxFpZHhTdPEOn5ZV1zN9/iLt37mN5eUVCK+7KUiXW9i9TaFOvZr+sYTiTaOc5a391bwbgR8WeqtxhK209jSypgkvxTBXA/a4OTkyM4MTUBAJeD3ZzBbz/aBHpXFGKZyOs6kZDqFcr0kSVJ76fGkSxWkeDBUt6wP19xIJ+jCRiEl8zQS01W/jiP/11vPG5zyEQ8mNjZREXnpnDSCqBhw/uCRUkPjAolPSvfe07+K1/+9voNGp49aUXBf7kYswVi6K0SHh3L1/A//f3X5XchdVtUja8Xk43UoYt84tUUkOora3NbiHT9qSrh+RqV08vrbBKa8BAMilehr/jcdl7zvfRO05NT4onZNjFnhOGkhSAW1xcQq3WRJASOm4PxoeHUClyvkZHdKiYbOfZW7PvgjeWwvlLl/Brv/qL8LaqeOcPfhe53B5e+exn8fmf/gJOP3P8xzKMf0ik5Xq8tnVkP4bdoZ0Lygl39VCePgq6MQxRwBAYkKgTeVE6h5qUBsKau7sZPFlYwp1b9/Do0QLWV9eFT0SujAyu6cZITpLgYUZyOMPSImV6Yw7mCk7jcuYYek29XEOMwijqscEm6G7j+vlTSIVDQtXe3MvjBw+eSOI4NjSI5y6cQyG9jexeBrlyjew/ePxBlBst7OQKovYRYedbvYbJwRSmRoflmov1BkZOnsV//y/+BaZnJ7Gy+AhRjxvPnj+L9NYGFpcWEAqH4A9FsLlTwP/8P/0vWFtYQDTox7HZaUxMTmBweBjxZApLSyu4N/8QDx4/RmJgQOoVBDZi0TjN7idqAAAgAElEQVRi8ZiEU+ndXVnw1KXq5VaGd0RqjxkaYwEDCkizZ2JycgJ7mUxXwGF2ZkYq86TNR2MxLK8sC/pFUbjBwSHMzc0hNUgmwD5u3biFr/z1V9BpNhEkTFwsIBYOIeDzyuZQrO+jyUKvxy+Dgi6cOyX3O7O6KKHa1TffxGd+8qdw6dw5Qecspca5Jm2YbNfuxxlF/3u764KhFHdk4doc0vPdH8/bD7bZu/5sk+yegWicqvz6FikRknDvyyKw3mJjYwt37tzD7Vt3sby4LEIARKmUx9QbddY7BzUAIZgzURbFjsMpAb2w6+mpsc6bZr2NDbukhmDzLaIsJOe1XUjGogj7PXj2zEkcG03B2+4gX6zg/uIqbq9sCu9nenhAQoRCNou19Q20yW9iDzdnd3fc2M7m4fJwuGQIpVwWQ9EwXnj2EnxoY3F1Ha7YAH72F38B/+y/+xUsPbmP7ZVFvPn6axKS3bp9G14fh8RERVv3S3/wR/j63/4t0KwjlYxjZHgIp86ck9DtycIivv2974E+l8gRCYUcQMNNimENvdb6xjrS6R0l61G2X5qsvFL/SCXimJudwbG5WYHSuchZuFxeXpICYaFQxKXLl7Gzk8b09LRIhmb2djE1PYVCsSD54cbGJtrNFk6cOonRyXEcOz6HsZFR3PrwQ3z5L/8STXqaXB7tRhPxUEgMo9Lcxz7HKJtaFVVk4uEgIn4PvKEQXvrsZ/HW5z+PC2fPwmvZzx/Rj/FxRuE0on5DklDKOf7qIN36IJ3bGo7FsXsH1tdp6KTFPe01Vg9B7Vh6CSZwLERliOJsbWN9bQOPHj3B40ePsZfJSntlN/RyEAL1pHsohGASLCQ6dnan9+oHBjTPsAbydJVTCYT0Er1baavm/CwurGQ0goFIACemxnBmdlI0s1Y2drCZK+Pm4opQJM7NTmI4Gcfm5hbSe1l0KBwQDCFfKgtlnnQXTsEk1FuvsOk/hLFUAgMRUsFdyDddGBgdwf/6r/5H7O2sobC7gRevX0O13sTq+jpiHBXl9qPZCeDv/+7r+L9/53dI1kIyGhYlwnPnLyJfKuHx0hLuP3woC0x4SqGQ1FGOzc0J0LGb2RMYlSGruEMZUuOWRf78s8/KHHByvniPv/q1rwvjlwbCEInPYX1jE0NDw9pUVatidHREKCujY6Pikfj13W9/F7m9nFT4x6YncOXqFQmj0ttbmJuewp//p/+EGvOeckW0bov5IiqNFqoCebNy3kA04Ec8EkIsEkIgHse1t97Cm5/9LM6ePgWfpbQ7xrb1G8JR3uCjXmc3/AM5Bt9gE3DZmU1fb2/37ZmnPUB/fmEFglmnECGuZl1i0EIhLw9ka3sHa2sbWFlZxfrKKrY2NsVTSNHJ1isMbOq8AGsYymuyucbTIZSTs2WN3IZHNpyyhZyDN67Xwy3XLhNqtWbBhcXc4uT0BE5Mj2M4FpLfb+7msJ7J4/7qpiSnn7xyGWGfF3fu3UOl3oCP/QXse2g2hRDZZNOmkcXstPYFoYkF/BiIUjgugVy5gZbLhZdfeQnxiBfXLpxAPBpAlcS6YAip4RG0aRgtP77//Xfxf/xv/xqxYBBhnwenTp5AoVJBmjKde1kUKxWpYPM50UOR2Dg6Mio5wfz8PPKFnHh0+8wnJybw0rWrGBsZFkBgZXUNiyurqFTrYgRUiFcBtg7GxiexsrZmVNVVtWRsbBTnzp0TA4nFOV99Xf4jPBwIB3HlyhUZoPlX//kv8Lm338KlC2fxlb/6C4R8HjRKZbRbbayvb2BzZ1eoLnTbBCgS0bAYhj8awbVPv43PfuELOHn8uNRLZF3+Iw3DuY4P5K8WlXKqhDjDJ4vQOEMou2C7Qs5GppEXo4Q57W2ml6DeEI0ivZvB6uo67ty9h4cPH2NjbQNlCg+LAVEWvze9xxmmdWM+o5aoibgN3Xoe7SBM3DOpg6CBcz6g9XI2n+gJqcn1m4YdwqWseE8MD2IwEsAzk2OIeDXP2c2XsZkt4P7yOvK5PF574Qoifi8WFhdRrtXhCoQExiVS1CFK4w+iSnQHLgQ4xJ4ehRNloyFJUkm7zxWKGBhKYSAWwK//0hfQ2a+j6XJh8tgxRAeGUa63UW+48e1vfx+/+1u/hZDXi7HBAVmYm5ldPFlaRr5YlhCK/Q6sc9AwmJwPDAziyZMn2NnZFhassGlkvl4CL1+/Di/aIm3DDjrK+GylMyiWKsJIGBkdlYYkGgq7LuPJJB4/fiibnxVWm5iYxPHjxzAxNYHjx4/j1s3boi7CZqznr17F+toqvvQHv48Tx4/jn/6TX0Yo4Ma3vvZfEPb6kJAkfQ/z84+RzuSF7sHEnEoihLbDySSuvP46vvgLv4jJ8VHpGRe+XF8o1d3xD5HK+VE9iBjcxxlGb2H2wWPKtTaVbYVUueMr9aMphlGrU3U7L5BmJpPFjRu3cef2XUEocmaYohT9zIdYRKTf1dnk2JkP9Fepnw6fDh6Ff7d5hPUcvXtnFcptnqWhhVaEtTchFgrgzNw0BqMhDIR1xNb6TkZqD0vbGayureHS6RN4ZmYSaysryOTyCMRT2EzvStVZGMKmg49hAAtbpEzQSCIh0kNcyJXrorDYrJXx0vMX8Ou//EWUi1l4Q2GMzszBH09Kv0o+X8eN92/g//n3X8LMhKJjzBvml5axndmTXhWeM1Gj6akpMRo+k1qjgcePH0ujkwymcSnVm/nJ2MgIhgaS2N3ZkRyCREc2h5Hxa5uR2JLLCnvH5cHK2iq2NleBto5JZr8IZ2oMDY/g0nPPITUwIHkKDbFYKuPKc88KyfE3fuM3MDkxjatXn8fP//zP4PGDu1h+9ACnjh0TDS2ikw/uP5IiJLlTfOY8x/HZGVx97ZN44zNv4/jsrFBOzAToHyWVeOo1R0G4XePpr3zbJp3DPMSBo8uubeJ2KRd0xBhI8yiVSzobulyWm8zwaX19E48ePsGtm7ews7UtBqSlNc6j6CXt/aGZDemM41T3aRqLrOtzXuRheVDXw3VRLgc13oAH2uzfUxBxtpvKjutxI+gB5sZGMD2cEhXF7UwWpeY+8o0OHj9ZQDwSwJVLF7C6uIBSuYJctY4Kq870pO2O9DfYKagyRGa/jVSS01VdKJRKimLxnjSreP3lq/iZz7yGcNAHP8UTkgPwJwbQbLtx59Y8/vydP5MYfHZ6WpCl9z68gbU0aRdh2cEpPsCkmHDssePHZde/fe8uVlZW0KyryBqveWSY1PcR6Z2gDhi9Avs+aKiijFgqa6Xe7UE8GhPhBuZNLEQ+nL+rvefmeUiSH47i9LnzuPL8Vck9eDyGXzz+ubMn8T/8y3+JVrODY8eP4eVXruMLP/U5fP3vviIABO/p+soa3n/vhngmEYwm+TEYxJkL5/GJt9/EtesvyDWn4nF4HcjUj2sdds0chrIe8Bi2Uam/TmDDqn4Ls2OLeRBlVpMEWFPosVgQOHBlbR3ra5sSO66trEmNIru3h2q5fKCbzblwD4//e5fdyzUO0jgO8zJddUSHW+3dEOVM9RsZNwYuWssSFlSKqB0Fjb1ujKbiODMzCQ+Fqmt1FGtN4fc8ePwE6d0dnDl5As1yScIC5gZkDNO5cvf2GLUO2/JJL0JbJe27SRKlNCntw99p4Sfe+ATeeOE57LfqiI+NIjo8AoRiMiDzr//8r7CzvikVY8ZCRHN++MGHcPv80kpLZIlGISIFfj+mpmakOv6d731PQifWWEg3p/Qn9Z1k5FinLaompH9Y+U0ahs7kI5IWllZd1kEi8QRW1lbw4YfvSr3JenTeJ38ghJHRcTz/wgs4f/4CMnt72N5OY3AwhbnZSXz7W9/AvTv3pbB4/aXrOHP6BK5fvYw/+aP/gCTldZIpfO1r38Di0ooUNd1eP8amJnD5+Su4/sqLOHX6FEaHhpCMx6SI2B9K/SgG4gy3joo0uqhUf+XbGUIdFvOrqrkurk5bqR+UdeGoYRoF+Tt3783jzu17WFxYRIbxarGgs6FNSKGfcXh94bAQruct5F+OB2KO1Je0H3bR/TuEvTZnUZN0choEgzx5fVtJdh6PC5GAD5ODSSTYmOR2I1sowuUPSjFvmSPMWk0MpxKSP7EZV2QzpRXXJYoYDHl4fErGsBLN/4jC0KMwD+m0moh5gS+89QZmhhIysTY1OYGpE6exVyGZ0o0v/9lfoF7Wyjo5WvQUtdY+xscnJXFOxGKSu5FJyzCW+V3GTFnicHsihVRGJDWcLa/c2dksRMhU2le9KktD/pVMhZLkesxMbY3Cxxnouzu4efNDCcscM6bEo4xPTOHipWdx5vx5AVVWV9dkcMzY6CAGB5P40u//vnQknj1/HnNzMzh/9gRWFh7jve9/X8KkRCopzNvNrV2Eo3EcP30Kp8+dwamzp6VtmL3pczMzCFBQ7h8J1x5mSLJhOkMpJ2PVuVD6F5hNdIVtKYah1dF6gzlFDptbW3j4+Ak+uHEHN2/cxurSirY8ckCl9IVbSMF8twbmWNhOYzzUMB2GcVgo1X/BRyXn1tj4Gc5rtvfC5j2c96Bq3h4EvR6kYlFBTQhFkwDnD0eQK5Wxl8uhUa3I9FkW8iTvonKhCJyxtkNjUcFn5hwNiqxRMM6qB+63cHpyFC9ePo+BSAhDI8OIsvbg9uGb3/0hyuUKWtWqQKhcoDfv3sd2Noup6Rlh+qYSCdnhqQDS6nSwsbklNQZ6Ay5golM0FtvhxwYiAi9E1ewAGIZESolnrhKQJJ0LmT3oc3PHZIQCPdzi4gLu37sjeZDCvjoBa3R0HBcvP4sTp08LEjl/775U0eeOz2F4aABzM5P44z/6I0SicbzxxhuYnZ0Ueszv/fa/ld7wixcvYnJqWkCLxACFEyYQjEaxnd2TetiFs6dx+sQJ+IhQ/hiGcVReYdMG55rpVr5l6o4pmjh3Zmdo5Qx5DsRoRlqGvcEcbbuxtYlbd+7h2999F7dv3kF6awvNutVCUnmWLiSi3PRuDcQm1f1Qcf/JO+Hbfu/WDyUfZtj9Hkljbh04b5E4yQ2MWLW9N0z4OG6Li56IEmsSNc7M9gcQTaZEc5aoD4uafMgWWubxGTNzl9dESZUA6Sm4gOUzO22kIkG8fPE8JocGJHQb5k49NIq/+/q3JCRhayxbQymWRsEIhnCnz53D5uamGAV1q+iF1jY2ZGFtp3ekMq3sZoXjdUyB8pxIReeXqCDWdbwAwyUarwizsdBq1AsTsbjwui5cfk54VOS0fec730R6a03FEjx+xONJCcUmpmbw/AvXxeC/881vYot8rpkZXLp0QXINVq5/97d/V16bSiXx4vWr8LQb+N53vomJ8TGpmLOKz1ytWmtir1hEHcBrr38Kr736MqbGxuCmLX6EYfSjUD+KYdj1fsAwnDDtYQbh/J39ECZ3GhFxOEpNFgb7iW/fvY9vfueH+OD9D5He3MA+SYHsv3bUILRqbUaUmbClP/5znpNzgWs9Qxtc+/MipwE7k/HDQqv+9x7Qe+1OitL+DRFD5sJhqEUOlfkg/o6ZBN87MJCSMCaXz0niypZce829uor2pdMw6EGko48DKANenJ6bxvnjs9ICyp2ZXKyl9Q2RDgoFlO3KMIwJ6U2KCHi9SCQTstBOnjwp4wOWV9elCJfJ7qkAmoyT5nwgHerIFtepqSkBR7K5nJyHNQ4WAtUoFKZumLZiUkP4+2QyhYGhEczOzuHmzRt4/GgerQbHJwPBcFQGatILDY2M4sq160I/+e63v4G7t2/j/MWLmJ2dxfDwAJ599hJu3/wQf/3lvxLU7Py5Mzg2PY5qMS9cMgIezI/Y9DX/aAH7Lg+GZmbw5ltv49UXXxQiJvO+/9oe4x9lGAfCEguDimHUZaYDd6n5xwv41nffxfe++33sbKxjX3SLjIpIt/+hl6f05xof5TEOGsTT3KnDQq9+tMvpFayHtL+zibdl3/a8i04hVaFoE3qZYoAKCRDT90oVmvF9uVKTfIsizrZLUTaDrs/mcHgdtsJiXzzkx+zkGOYmxgXK3SuUsLCyJrMJR8fGsbG+LpXkRCqFxeUVJSa2WuJBmMySHLi0vIKVddLHlbzJfEISZOnP0IGZTKSpL8UqOEMuDqS0X9obHpYNR0cIaGWc90LHDLB4z0GgYVVil9ZlFUygYYjqYjiMRGoQ119+VflTi4/x9//l76RB69VPfgJnzpyGz+dBMh4WZjAN+sypZzA+OoD05jq++dWvSlWckqWssezs7uHxyiouXruOl179BK5cvgyvUZ78r2kYBzZJJ4mwGy6YcOIwr9EfTonnMJ1z7Myjx0jvpvFkeQXff++mNB0tP36EGpXu2BMuHkNDKaWoG2p5XxJ+mGEczBtsTtBTDHT+3RrCUd/5WvsZ1iCc4Zrzb/y79KZIGKTVcN4bxvIimNzuqHCAMXwrx8/FR7U9sgE4XZX5AZEsHk+GxYSCGBsewtTYiOgtsVdaJGTqDdnJs/kCYsmUeBQyZoUh6/MjvbcneUIikZTjcBcmULC5syO/z+Xycn5sLuryzgyrgcrr9Bha16iZ3EbldnTAi0tmjIvInBkoowVVnRtCVi3rE4SDKSlKI6fYwvrmJhaXliWXIVOA1fGZ4yfEGyTiEdy9cwvf+sa3pDr+wovXBb0cGkpheGhQXh+LRTA1OQLsN7CxsoTN1VVsb2zi2LFjIGCQr1QQHxnD1RdewqlnTijj2Qz5sc/tKMG9/nyz9/qjyaeuJ2tbHfb5Wtp515U4RAH6QxPnYnMaBhNrcmey+azsWrfuzeO99z/Eg7v3sbW+jnaDVV9DtzBxte7KcqrdpqjDkmmnF9C/K03chlr2u+VxOflc9kYcDMV6nuagZzjIpTogGix9IV1RSNFVYqLKTjYRR262umETF6TIVBp5TCqIUGCAOzl7ULirEp0jF8jvgdDPeXAudtYXavUG/KGQVJhX19Zx7/59+RuN7e6DB1KXmJqYFKNgvL+8uoLNnbScEz3Q2tpqN/G3bGEqjbDNlvdBpPs7dtSybi7sqxCtXckpVA7IjkKjEDURr+nJCZnzIULQ+6rSnkgNqfB2s4lHLCBms3KcZGoQ0XgUly6ekxnf3/ja1/DhBx/g0qXLuHDhPKZmJsV4eS3s/acQxMzUOPJ7aexsrIn4Qz6XlU7DeGoAE3PHcPb8RTxDw+CzZyfigUYlu9D1GdrnatdGf9TQnxo4Dcj1ZHVLW1v7prba8ML5/bBwpCufY1YQ1TwqtbJ0kS2trOHOvfv44MZtzN+fR3pjSyjHooFhBkPa5FZDqaebiQ6zdqcGrdMwnK89qHN1ULzZWTXvhUmUxDH5koPAqDdeXyWexbxBWzQ0P1A5GRU44+AUNVwHC9gk9lxkMi/PH+gW1SgOQNqDECPJa4pE0KjVsbG1JXBvuVoTSJbPiIuVxTwyXRnzH587Jk1HVP2oVmuYmJwU+U0RJmjvy6BKak6RXtEdUGMmxspsbnbkyWQlNWwarQyDEbY15TFVcofPS3V13SIVRJYsQycJrbilun0IRWNIDVDKP4WVlWXxxrlsVoijM7PTknuxCv97v/fvsN9o4u3PvIUXX3lRNLiWFlcRi0RlUI7H1ca5syekMamQ3RMUk96F3YeEbc9euIiz5y9gYIDFS1Vg7A/DPyrSOXw9Pf1b1wINw9mi6BiQYo2if7d2hhxOw9DcQ2fDcWIojWNhaQV3HzzE/QcPsfjwiZAGiVAJSiKjA7TIpSp9vWp6f1LcM0rLjzrYhtqfVxyFRHW79hwqHvpZvU4/JwCg13pw/oJTVd15XlbpXBnC1PBV6rxABKbIyMXEnZvJMHd/FuPYNccFR7SLVWYuFgqZNfZb0r3HxDscjYqoGQukrDNwByc3SUSaOy7xQgyPRKC5VpHcIpfPGsDAJ9fAxcfcRRQ5Gg3ZhoShbMYuEyEqlcqSc/C50LvoSGq9NzQgfjG/4PFonKSOcMAPg8zU4LDUJtj4xM/IZ7O4f/8evD6PeAzyqGZnpnHvzl08fDiPX/knv4rxiQn86Tt/JqOkS/m8hJOTk6Nwu1hjCYtAA+8RQzeyeTO5LF597ZOCxI2PT8Hvo2Lh4V/9qJRz3X5cmqCGYRJC2Un7prY6d9TDXJFg9Fado0vt2Fc4kWzPTAbLq6t4sriEhcVlbKxvIpvJoJgvoFwsolqpSsOPqk+otqtV8bbzFQ5eRM8w+sOo/vOzN8IudGfI9HSCbnlfvT6Qg97SLu7+kM9UZfTGyS7Knb0ubGH1jvws6YYTlFar0QKXdtAdycVFy/CKgx9JvAtFOK02L3ClQBadjjBia5WKGAObgMbHJyRkoTfgcyCCRFVyym/SOIk20QBocOLF2qxHRBEKBTCQSmo4RMAgEJDP5PlyOiwNnOfMv7PpiF6D/Q9W6r9YLEuiL6rso2PSVLTLtoEGZ3UzXFSRi8xuWrS2aCS8fo5fJkfqU6+9hnfeeUeO8YWf+Wn5GydHZdJp7GxvS3hVNVq/czOzEvJxE2HuRVJqOBrE+UsXcenKNczMHhMN2544gtxls2wPRiCHGcpRRuVaWNk0gbPCn2QlaJ2ht8vZQp6ZGN/9mw1XupboEHjmAueDoXFkshlp0t9K78puuLebQT6bR2Z3V7SR2PBSyOVVvc60wZoPcdA2nJfQG/11lOUfFvbZ3OVptKk3p7s/1znMa9ozscezGwM3GNYquOiJpvBziPy0STVXuq7WDswQSf6bOyX/xMVLxInv445M7hTvO+WD+HqGUOyTp7cYGRrGzMysEPrYRMTqNT9nY5O1C/bRswtSZ1nQaGRIC42HjUAtDq4kEuaV49BLpKXDTwuR/CxukNoj3hQDahNxIj0+lUK5pDM/OCKAvTU8ZybH3BPpbVjcpYGGwyFBy8jqJUmR95WfcfbcWcQTcVGE+fKX/xpvvP46rl67IqPmyGTmPeH9WllextKTJ6rIvs9REVFsrW8gmYwjwLkZUxMYn54R5GtickZHVDPn0P5LXT59oXm/ETy9OfZe4XqystGd8218vhkEbxIbE/ub/Ni80wqsOYQGrPCBaQ3lC7kw6Japel4qFwWxYNjAm1uUfu9drK1u4MmTJWHc7u6mZaeVZnxzUc5EXFdXLzSxlWr7Wc4L7U+snIDB04n80YYhxzEV+e6EIOMZD4RcjjZcGQJplMHJOOUio8yljYUZksj52LHG0ByFi1hrIYOy41q5TXoNLngelwuRmlGsV7CmwHCGXpdGQSYzP4PVeB6bnouGw8IfDUMWuwy25LyMoIIFjBJcRJYaUjtgKMY6jAgbiJhcEvvNulBIpienZJHyNZTW4U5NkICeg9cTCGmlnx5paHBAFjHvkV3cZN6GIhFEE3HxUO/8yTsSUp67cA6zbHQaHxIBaRqIDqDR+pHUwnbSomjCQuGZ0yfFDhiVTM7O4vW3P4fRsUmDVCk6Is/GFFP/ITmHGIYNocQzPDWjTt2R5sqEKnuddLwZPbhVBYXtl0WFJO9w6dAV7lasdRCF4M2ioWysb+H+/Ye4eesOnjxZEPIdq8byZTxQ96B2wKI1T5PUam7T+092YkeTldOzWZKiXdTW8JyFRqdHsLCgnI7B9J1/77pnY7K8h5YtLORDr0+IfVzkTJptLsWah0rOUM0wIDuuhctpHDQSOxOv1qjLwmWizaYhGgN/FnlMSmiaIqtQ/TmIXlpVqejBxeuSXZ/qHtzhuTHJiDeqlptwiZ+rgykZxtLjMcmOSL7DRUqD4flSf4pGxZDKCrfRaO18DKofUn82FgurUgjp+rGY/J3aVqSx+ENhIVOyxfa977+Lb33z23juyhX4Aj6cPHkc9UZFlEXobTiymhsGlRy5sfDcaRh1jm7ze0UgYWp2FuOzx/Dyq59EIpHqTpESj9FXFReZWwfEe1QYJe99tLRKs1SeUJcScpjuq4nc+sCj/kXZ30JqE3LRl6XEPOe8tSm21hQxX7a0Li+vSd/3hx/ewMLikrhk6Rc4oDHbw5xt1dvmGDaUOyyG7Idt7Wv7vYbdzQ/0mgsmoHULuQ71z9rdY/Mq8yupLJsdhK/r7lJmhAFjb0KvDImYJ+i1mSYpTlqXVl0FIoKBkOzYjO8pMkDvoblLWHZahmt8PQ2EryNiw41maDAl4SjDHo4ppioI6x/1elVnWOxraMddXRQRAwGz27N45wH5YPQS3AQZCvE43HUTibgYGukgbDklqzeZSkrCz8o+nxVbYYmuSU5jZvwRMGBhkhsFw2rq9jK8IyxM6Hlzcxvv/L/vCP1jYGAAU5MTcm7RSEhIhwRx+DnhKKFj5jgeFYUrl7DfaEh7MHMqfziMZ5+/imsvvoJYPHlgU9QH5Ug7DjGYwwzE9WhljVyBbj1Adq2+UMHZDC2LxLgoXXRm2lAXN+7hxz2vYVi4pkq+31bPQSivXCphZyuNh/OP8e57H+D+/XnsZjICHeoI315doZdsH1Qmt97Bfp5dlNZo7YVL/GrIek+HWrb6azRnnUZhDcIcyC588Tbmdd10zwy+VxuxBqUzAhmXc+wYF+D21qbs7tylRZ9JSLwagvFne+40Cp4z845IJIZGvSk0EDtLj15X+jzcLuEYieI4ZTgZEnHwTrMp8jmqu6t1CyI9NDrJJ1wu+XskREPQ8WQs8Ol0WB2Ew/UgOzfHnpGuEQzg3Lmz2ohGL4iOMHSZy+xldtFqtYVFzBkY3AwCHJlMtm8kKr+XPot2BzvbaXzlb74i13vm9BmBc3n+HE558tRJyVVC0RCC4QDC4aAYrw640d6NzM62fB6fRySRwKc//5O4eOk5QwY9OFDGufh/lGq5a355VXMMg0ZJVdchZiULyPGwZQGYiTm9BqOeSohzMToNQxuSOOdClUMYp1IAeS+zJ22uD+7Pi2LI8vKqyNoT4WBftPVANszguWqPhI22erKbNkyyf3NCs/3hz4H8QHb/npqIyp6oc+h6iZ51dY3VWX3tXrcJpZyGp5+lnlDp4l8AACAASURBVIbnPzw6KjRuDp9krsUHxZ1YE/9en4h4TTO7m55iv0XETJEvGe1crxnPEdTQS+RP90VYmYbE94tai8xeN/fLFFSZO4wRUYqEsfj4kUCxPAZzF8L3XLgU0yYoQDlSCZ2MTheHS16+dEEIlCzyiZcI6Ggz0swrZXKn3EgODEgvu8tLZXePDrX0+bGxtS3eg/nkN7/5LRHGuHDhgszGiEUiyOf2xIPwnlKVJBILIxjiMExyxfaxvLSo6BrlPV3A1tYGYskETl64iNfffFtmOrL4ZycEdGV2jgilnBtp9zHTMLgEbCLrfNjyQM1u2fVGEkoZRqwjnHCGVM7QxuYhqlRHjSlCiPQWVeH/E5EiLZ2GwV5wMkgLMv6qIYbR++o1FckpOcIZKyXq9C5OBMq5W/RyiV64qO9zxIgmX+kakzNsclRa5V45XmQNqT8XseeqhstF4pVdn33UFGljExfhSi5kLlBbB9H8zeYDKukv25bbLRpdfL16GI+ESdxR+cWFbLVkmX9w4UoFmwve9GjzYFLhDvjl9cwjeCytY0Ao8oKuRWOi0ctcYSezK94rElYqCxcn7xtDOSJN9GIMFTc3trXjL5mQegzVSsiZIqhAciLJlfW6Gu27776Hu/fuC9WcU58UU6LOrxtet1eAhqGhQZTKBTEKGgfPVUNeSDi+vbmOYCSE8dlZHD95Gm+++bYY3sflE/2htxPJdM0vrUhAYA1DUUWjvifOwUlIMbuooxW13wjsInOiQBqfKy+KuQVdOb0FwwB29z168EgMY219U3rDWcgRj2EbmqTRpxfbOxm1zs9xegVLq3b2kT8toeMcK9DL1MTT2bFmTtM8TL3kgNUd9DLdJNwaUFc0WvM53kbuoCxyMZxg8c72TciEJFafzSK3RUYuOOnj4P1hGMZRYjI8U8MwywCmx7AhpszYM6LSnBdIhInhFr+TxEg4lgm1kvbiMs+CuQi78SgyR5GERDwmz4VJO1cccxTu1tKpWKvJDs8ZIQIbb2xK2EUBuInJKUm2yfEKy47PTZX9H6p/+81vfxv35h9In8fE2LgWKWvMiSISVtEgOTJAkn4fpYCCGBhIwuPliGZFwUg3InU9MZhEJJHEW5/5CSSSA4eKJTgf10f92/VwcUWS7178bshZzt3QDhnsz/IdBiL0CBNzW6TKtr/yoQh0a8IoWjmTKLY9crdkqyPFnHfSGSHaEcHQoYga59oiWe/jbZGvl9/0h1bWq3TPxSBcByFdW6/phWX9hubcRZyeyv7b/t3mE3Tb/J0m0wrJ9h+j90BMe66ES+xliEu4QRVDQY88ii45PTp/pgSPQLnkC7ld3TmATKa5uLnIVXVFJyxZ1EomznY43MWvXYQcvNneF+OQ+0zJmlhUNkMaAAUJpKDoc4sIGwt9LC7yc+Tv7bYUBGnM9BgUTeAXP5N081gigfHJaZn5Z4fwsIuT4RaHzeRzRcw/eojHS4uiaDI8OIShwSHxnjwvUZXnTI9wSLwRGcQ0EperI2qVnL5Ej8dWXUYkI2PDMuL69PlLOHX6rCixy3PqW7c/inG45heWVXDNSRrs9kyYkMWGT327p/UW3RZQS6uwBEED56rWlE71ZDKpeqdFGTXGGQnUrOXEoL0swwk21GiDEBEPSZaNOLN+nmNZGeM9rFCjv1ODtMhYP55tN4PDjMHmK70w6+DtlPeaXEyK3nZsguP85L2mqNdFtZ56Kj09K/VoWn8gZ4rvUQ6TGe0rC5negnQOZfcydmdiS0Mkc1bYuaIkX5cCna1HiAeV2dtuESvjODB+iSdxK8WcqSMhUibSTLaZ01C5gy0DhHwpyEwjImzM56OCFvol45LjbIV1S1hHHVvO0iNKRL4X79dumpyuitS0WOjN5ot4vLAgOSURL9LSBQCQDVZDJbfHJUbB95MdQGYvQzmGcYxC6IXoXdzuDnx+tygxjoxP47VPvSl5ln1GP65xuB4sLhMs7FKpZUEZw+gmqId4Cudi6g6GtE1HxiDo8nXXIl9fkSiiJZJf5AvYXN/EgwcPce/uA9Gc4uxpu9vah9YNhYxFOOsTh1m+DZeMD+iiOwcinqd4UgdJhpoX2dCkl38cNEA1DJuHaYjAwSl943XNyrGG4cyN7L8lfHUrBUNxLh1FJlXrcFi+S4cdqeJk8bL5yQy852Jn4is5hMcr9QcKm3FnZojD3xO65ZelpSiX2mRVMrNEaTCkz0s4FeMi1XmA3NTYREUvw5oGjZJfPCeGV/Qi/BIafTQq58kOwklKd46MisIit3Mq2m+sbwgSx1ZbjjojE4KMCKJx3AiorcvzIizL+8FiHw2cT4C7P9EyjmNOxqOSd9AgpEEqxMGWKYQjeg7xgWFcf/FlE06Z6OLAGrY/OHLEvsXkur+wJB5Dcgzz+m7SbXbC/kVlf3aGKV3jkB2eTf/qwgm5ycSkphap2AZaZm/07h5WljXpfvxkCendPX3oMk9Dd0PrOWhg/He3V9ycgDNEsTt7D23qLXYbyllky2l89lr6j2WT96cS8+7NMFX4PmEvSw8RF+5UJ+m/8QbYUEaBypryOgUhNJR6m/fxHIS+LqPK3KjVm1ILEG/IRcO5d8GgLB7e+0atajyNjhJmvM/FT1avwMNuDXdoCIzZaQRExfgzn1HSqLDzPUSJkrG4FhS9Xhk1QNNnSMPBOLxGkhv5ndAs+004OYm5BXtROJ8jX8jLyLhcjj0lFTFa9oLIWDOydcdHMTMzLbUN9niw0YshFD0fGREcsfbo0WOBgXmN9HD8fL6H1XXWTyYnRuDxtDE2MQZ4/bh2/SVMTs1KdV4G3giidxCWkhmBR4RZrvviMUzy7ZA77A87bNh00Eh6erAarrCpX/MCunFbiaWIGBc9ZeHLxRLy2Rw2NzaxtLgsytw76T2DVGiSSLFmxrG8DBqXTmxlT3TfYnP0ZNuejoM5RC++P7jQnw7H+r2PNRSFnPuqmvLiww3jsPvkNBJn+CZHFa1fUxwUV60oky22ahRr56ebnnFDN6F35E7NOoG0yrLQV6kK14j5GRNzKQyGwkrzMdfCwT1yTwERe2atQnNAFc0bkkq5V15Po+EIZZ4DuwVJ26EKyejIsDQtcaFubW+JUbHC7wsEMTw6hoHBIcmTtnd2pNWZhTgaCY9DrtaFi+dx6vRpjE+MiRHQm2k+RCE4zuYISF2k2Wghk96TdUId3a3NLamjiR6v14OTJ55BLBqWybfRiB9j4yMIhMOYmJnF5eeuyew/AWvEACyQZLFrfYaHfYnH4MPSEKC/4q1veRrn7dEv7EKw4UeT05KE/kzBXx0Ow4Sa+rQ5xpWZDPZ209je3MLW1g72snkUihVUKjpFlImf0BmCxKgZrzLX4Ow+3VX7vZfd0Z0hlDVSp4foeZLeUeziP7BYHQVFfpbmKNY4evfDRE7d+3NYnmPP1QnXOkGO7ufLBykczb5qW+/o5kdU5DN0Dcbv7KyzxyHtghuJiGhzcyLWKpsUW1DJiQpJziKfRY8g8w61i1DqG4R3fcrToldgQs5cIh6JKGdJDEbzEXkWrJpzNLHI4YzKeTAc4hmyGWtgaBiTUzPyLCnQQEh+K70jsp8EXYgenTp1As8+d1m8n5tFO9PFSfYtK+88N2H1hsPy7FktJ9mS4m3vv/s+7t65h1KxLAVLXt/E+ChOnpiDz00190GkBhMyS+S5ay9jeobsW2MYRpK0Gx1IoePgeuiGtzQMK0fpFDM71Iy6eL5anNWu5aJtd5TCTKNgHMnxVqyo0iA4y5sksPSWViqLuZygEsSzOeS9WKrKbmJhRZ0wqsxQ+2Dk4fTXF0wuczCv6KFC1qh7hUZbCznq6p7+vRpZryru8DXdPg3nxmE9U78h2t93jcXxUZqfKM1DquA2qReYW6FuyQEMGMHQyD5QIR5ytrZlFTR17DPzDYY+fJ9Cv8p/YhjL0I33hBwsfjFp5+uYT9AYOCOchkFaCD0S6RxEnuiJqCdLwyBJkHMGmfxTVI4Ucv7HRcyEm8jTxuamUOCpa8U1MTYyJJOfgkG/tLxyXXIjJG1dpYlYa2E+QjkeYHB4SPhW7OCjZ5Pnv9/Ggwfz+PKX/0bWDvvThcE7lEIqEZahnnC1MDIxgctXX8SVay+ZEFP5ftoRa6pypkj39MYPuO4/WeyGUnYh2clCzrhbPYNDSt92sJmtU6rZzCFqVeHQsFGJ7pMTk9iDwaEwub1dNKraAsoknLAsJV5Klap8504moRQ5OzKyikp4btnJdLqo1Z/tVdq1p/nggnd6AKdH69/B+9/39PWaDcDBGLb8JnUsvZ27/732Xvb/nudmESx7bva19Ba2r4D7mO6kRnPKDJ+X/EsUDTXeljyEsC5HC9Q5XbUthTFWyrnh8bnI72RnVvFsNRYDhRs1dy44/p2GQbFpLiIuermXptZBaNTV3hejoYJhOBiWzsFIPCY6UMx1SFQkHZ4Gws5DegrmFZQSmp2alIYlMn4p28MkncXOKNm/fv1MfoZVRGQewcIgz4tGqhsHo4im5Bxf/erXpd/c5/VjeHAAo0MpzM1MoF4v4sTpU5g+eRpXX3wFPm9Q22D7QuLDJr5218j9x4sSSvUoF4fHzrqINLQQz2+gWS3aaXVVPIUp3LEhf4cqeZSDX9vAHsWNiTfzUVPdnDkI53rL8ESKBOhIY8GvPV7h1XA3lNjWGIYt+Mnu1uVR9RqHPsoPOHOM/h2iPy/pP44NzezG0Mu/DrphZ+h21LlYyo0sfOMRLFSuhkHDcSsU6oCctauOtDbbhqwTU+XLBXh9pGeoZwn4AsoyNU1khMn5vGxjktNYbeVcVE8IFZOAyHqHOT+GO0yoCaFSFpNCQaJoEovpc+QYslBY2moZ4pFty/8KJZ2axaiBXmZ0aBDJeFyIgvQEdkAmB+mwMh4KB4VVTaSLmw6H2vAeEAamgdpip8tNDWAN25YXV/CXf/lXqFUbQknnXI9UPIJENIBTZ08hNTaON97+HDiPnGqZ4jHEXxyeMjifmcsaRje2MnwefdHBlN3eUHHbZgdjDMikz3oKVj5FyHlrWwSEV1bWJHlilbOz39JJOGx/lS4vzuMjZ6qChsC5xjCoq8o5076AJGTdIpWjoNivR9W/+zsv8kfZzQ9zp/3HOMzD9Izko8zSJtA9VoEgbYaDxsVpYWgudtYPhOZv60Cck27CWC4SoTv08dn4fusN6C2sxI+9T7LBtFRg2nnO1phJF+GiUcNQT8QIgOPNWBnXkCsgE1lJ4JOE3AWpaRCN4ne+fjebk9CJdQpplvK6kYiExTB4TWTNskrOzY/oFY0KBmzgZknQgPeA/eJcU8whiJyx0s2cg9Vvr9+NWDwqdPRHDx+J2iU5dwL5RkIYG4rj3LkzGBwfx5uf/TxSgyN2Dld3VTu9xWFP7oBh8KYpROikShx8m00I2W4oTSssJhmmLGsTuWwOu7t7QvWgiPPO1o7ULNiWyKMSKhTqOau3jZY0utAw6s26SfLYv8GKpw6J5z5myXA2x7ALpt94rQH0h1LOkMXu/nZBHLX4+xe889iHGZoNhw69yabZSV5j9ho7DUqiXUdxVfpdLIHR5lDqnzV3kJqEwowHvXyP1cwFwyRadlkZ9qLUdOYUFgK252v1sfg6hXJZBFTOFUmKXGykjzD+DzG8ZVGxAwmH6OlSbEhKDaj3r9VE9Z18N94j8r6C1NlKxGQgDT2+6GJRTE68RAQen0/E45ifcPzz9ta25EdEMVVGlOejeRJ5VyzojU+Oye+FedxqY/7BvBSKeW+oDjk6lMDY2AjGp6fxU1/8OUxOz2mH34Gvo72GPJN7jxYklLLh1FFhRS+c0CfbFFZlXfBownKMC0kg295KS7GO/21t7ojlS5HGuHWld6j/bzUYgjVRrpIGovmFhCvsi/b5JQGnldgE3CaYBxuYDiJk9oEftrDtNXzUIj7gTh10jsMMoz/BPswo7A7dDboM+mTrPl1Y1uzkXBQEM7hAtf5Cb0Fww6BWvoBUqFU+SO+NFBYdM9m97HuQKjnlfJR2wlCVSTQ9jhbkiUQqnM34XgiIhgrCnV7GGncghqBypLpAuaOztsGBNAz9WKvQ/vSCDKzhwFEmz3wfJYHoMeJsc02l5JxoaCzCEY2Sscr1uhhJjO2uuZysI4ZojCYEgKEaIjW70BFSIkM73hOGXES5iF4xbL9x4ya8/gDGRkdw6sQcorEw5k6cwAsvv4JnTp0ReR+pqJsu0IPP2fJidVOW9eE0DOfOZRePfbA9ZIcPiaEQE2e2XHIssbat7mzvyggxYs7szOPQke5cPZm0pCGC6KdKHL0v6AV3Jv7XDY8EzleokQ+Zu5z1GhadUoq21heOCpWcF+9Epg4zDGeI4cxH7DE+KlRzGqHzdc5NRn24RLeKrjC5NeIT9vwlpJJErvupahzSwKQegy2lHCGmoZMWUa1+VdcLGIVyLhzrIUi1UXRS6yTCmxKkTxNzew1c7NytdZOCVLzj0Yh01RG14utJ2yC5jyAAOVFExSjeTPIhk3E2ETHkIm2D8hqU0iSdgxR3GoZ8uV2IxhNirDRChlZsjaVRcaHTa5GXxc/aF14Yrz0ATo8lZMw+HlJDGFpxTcgUq0pNQIHBgQSGRwbx7NWr+NSn30JycFgMw3psKRcdaK7QUxJPoROcDxrGR+22+lxVRVegvlpVEis2qmTznJi0J/3bCwuLWFlek51D5+qRJavIkXWvPEUiJ7zRzDHoLVght6p5SmrU/oBwiGV/V7dZ3+6Qvdi5Jy952I5tz/vHy0F6PR5HHdPsK90/H0ZVecowbGZg0EL7MOxBZIFTUMEAHIIeSSFOh+vIjG6ZvqrkQHtNVm+3t7iVREiPTlsQWrp4KiWLymJm37lpZ7X9LTw2FykpO1bMjmEUDYPfRSuWMzCowMhxzu02KgRNOM+8WFQ4udWS1xO5YuHQCuxxghQl/KmYTuIjBRtkCCUjCSN4zcIcDYtVcv6Oi5z0ECkH7HPWSAtzs9MCE1OBhAVACbU8LmH1cjQ2Wb/TE2NIpuKYmJ7Ca29+GmcvXxEd4MO+7Ay/HvHHMBD6PcbTb+7Rzu3ilhCqXpPmeyba2+ld4eDTUywvrUjizbBKqNEO5RBrGH5SUEBujrrMerNhYEVN8mjRRC1IKpNWTrMQusWmbm3hoJSNc3d35hD2vD8Kjepdt4aKmhYcwRfoJr49lq/dVI5+j9mVmMfZXhKTX3Q9hi1EmZNRw9D8QgiAJinu0vEd+YnTMOV9kjDb+6Ooo9RIGIKZfIITiZhsa57hEQ/A/hganfSds0HJ4xGKCIe06K4fEeOhuVYbDWle4k5Nnhu9Cbv7hlIpmd3NjY4GwR4MNXqX5BgMf0gRYn7BEI/XyHMiOM2cM5srdKHjWDQiHow5Dged0rioTbWztSVeg7yumZkp4Xg9fPRE+tSHB1LSM8689eKV5/HWT/40AmFVMrEbJSk1MiPEthewB8UoMbIo/VQo1W8YLNxZ2JAHsfpFrGozfBJy2MaOGMWTx4uSdAtHv1rtUp+d8bkkZAaW1CKTdvPpHAlClBrvyRjecER2SGsYVuJF5vY55oA7DcIuUOd1OHOLntPs3aSnkaWnDaLncWy2oN/5e2uEdnEeFdodZTT20xTKddDW903rrJqqxOXalGRqN6ZHn7uqPhutRXQ3BZM72nPU7kcWEJWKQtqHiKixJ1uG2OigUH4xvrcFN4ZENAwuOJXs9EminckXUCiXkSsWRT3R53bJVCR2BxLyJdwq5MJIRNYCeXLc0Ul6ZAgkBEl/QAyNBkZkhgaWzuzJ5zMvFWVEQsLBgPSVU12R5EEaGblUnLeRSkQFPeMxJDeRuktTru/C/1/bmcTmeWXp+VIiqYGkBg6STFKiJkuWPMiSbMXlQVW2qzsod2UZBNn2MstknV3vs+pdNskqiwRZJAE6tUkDSVBAFeD2pHm2RlIcRWqgRJnB855z7r3fx5+SjUZYcJEi///7v+HM5z3vOfl++uKr36c94/vk7YJah2sFkTGwbZtXSA3ciscSpP/81WtqfRRa/Zal7CrjlmLPRpCfP1O/gq72zPRsun37nmDj16/dkLfQhVJ6Ddh4rnZZlYRyH0kmAgHbNhbBGlFOuKYEHfrIrRnOEOhSMZE0Gm7N81WDMCDgLYBf5CS1crwqxArBL54miKCbmK1aMeuydyhkpzCrfk9UpuqJQOtDWEgXlcCNPdbJzlbOwyQEWAbrucHMeY3yuGrfR5npsCTUysEGOTfDY6BENVepQvUC1jMrL3KETZvS3tE39Kyg4aQpe+/hwzQ9O69qF8fc0tOt3KJ/61abG18xzxNDU0A4UEqadVS1Fh49MmpTFteAwHbKUxqDyJbym4F+KQkVK84JD4J8oViEaWxwfblCBWtDeu/k+1pvAMLi8oULiYmY8f3707/8679Ow2+MGjHbho0+0dijeSBSALwYURAKEehhUwxZqrqcFdZQ3QqfazBgIEqBq2EEcm4Wb/EgXb9+M12/dlPegtCKD4khI3tQJkhaW4XVcr5X7hKKwcnUihEPvqd3s3D6ERoEyKyez+jkGdZXjGquuwpj1nqMKrCqXG2nikb9+XXxog7fQrh5be1VBDUXjY4lvzV5ghFtW8KuUVfKn9qJZ5xUEvzofzieqfbMkXTLg2y0+NryhiQKfRL3/Gw1Qmwjs3gDeSWsPQtkwDMJhMciTRbHbBVQkH7F9NysmrPIDvlEN32NzZvS1k2G2I18RAhePICfN16H48DMzkWCsLWwyggc8EAoBopLwg5o0eY/Vgyisrys/Hb/gQnbxbcxpfm5GTUOmSIkv7l146YGmLYNDqYvf/9X6cQHH6YNPZuEr8Ii05HnPPgcIh+4dbXKweeGus5fvWqkztQPMoAOJbH4lFBKk3esKV55Lhw9Q0aEUNNTMwqhqF2TePM7Em5VSzw5NPZCs3w8GKyRGDGwUs5EYfAEMD5liQx3DEGgAx7hQ9ZoD6VqQdC5etIawtpWkM6Yp3bwuN6/myFUO6eou95tRauT6fBC9v7wdl5TF84P9Kkxn1O0sLDJvIAUQ/lBjCIbfFysGd02s1En4JwTn02yHcrJ/aenZMpmqAU+g6aaLYcx70MYA8wd7y6BFtZqiybtVlaTOGQfzs7o81logyIQvmiOnKUzkB9A/Qn6t9fXJbx8KQ5aduxxXlqss7IiRnSujcdHc5CNrXghhH/v+FjasW27KmfIAbMmnN/tH2+lo0fflLL2bNyQZmcequwPbH3X0FB6weLQRwtpz/h4+vyr36W9Bw+lJ/TSNmxU6I4S8J0vrVl7+kz4L/XYIHsLxYgCbtxYue9kL4q5CuhScgj1cDbdunlbVaibN28JYRlVqHhY1pIIjIpZy7BksgDOnSrIgiMs5S1cNrGa5BjMGvBaOuwZRVohXts5RHicUIxmDhIR/fqVpzoXaAp5gYDYsZtKVL+2/dnNc4hQLOh1okxFxScg2ISinkB7jtFN3N9L7M1oJwph4Y8ppZ2PGSAryYZ3QeD1s/IHT8y1KNMYW8Snq0EgwyNpEKorpZEdO1RuNXI30Aj9msybfbSYfrxzJ80vwnyYUh+Tg1rPzPu69DOvJz8g/1FS3tcnRQG6AsEBDT3yHQwAZX+gQbB7KMeYntF5zMw8tH0cBw4I8gHmSsqfVgUZ4f4cO/ZWevIYSlJbQYCRIPmnZLyhazUdeftY+uKrr9KevXvTC7zR/HweaeAzMAQaiaASl5KSe0U5tWLU8XZ4CovtDSDIXAVlMUKoB/cn043rtzRIcvfuXfUyiFMzHkcDS95I8iWWtZUNxTClCGi3iU9OQKlM4ZZJwHiQDg+J19egxnZi2yk8Kq8p8xX6nUmUfXY09Vq/qy29vc73CFa6UecSYa3bSlZ7ORNmw88aLQ49GwtjfsqFCCd62wAkgrByQ3r+zJQG1oxgEwuPbI0/K8vKWziBNGVUhaRC31Ll2mjsgwIJbrByrDyMJfabe3vS4ABDQHSTN8qCA1RkdJTZ/Nv37qmfhQcS6NC9kzEr0ik3RQtwoDwFYQ+lXv0euPxGsROyzlnkC5s3KyHGyFK5WlpkovMnLd5k3ntmhubhrKiHIEzg35wvlJ1wCFy5djU9ffxEoRSjsVSsjr/7Tvr0yy/T8J49It0GuLowP29JPT0Z1hw4jejiwoKUn3PsOnfliib4IseIkARvIbbAZ08znCAW2k8/JOG+k27duKXv1J2pBtReAM2VNXP7n5tXwWnrHsNCqBraHSheKwjgMYyZwlyelWzNkuax13Win6YQ1kl6UYz6ra9TrqaQ14oRJd4SbtUepQ2LDwWsP1v5F11vXZ/RZZrOmmKQeCuMWXmZlmmIqfZfxm9DGeoBqpyEe5KuzbqsFqMCpIFq7q+NpioZ941RvA/OpoGtWwQxB/JNckwlCsGaZe/G8rIESEwjKDPe35lI8HpUn8ZG96hLzrWAj+LcQcvSpBPH2E903Tcp9GJ2g1MiTJ+cnFLS/ezpYyXZ5D5wVJGD3H8wKdZ0lscwn0FDUOvaentUscKID+3ckR7Nz6fu3o3p/VMn0xd/+ZdpePcuJfmslCai4bWCtzhdKZOPJPV4FM5VipErUg6l5qRFI//ihTYkRQgFpBhw2L0797W7G9gHxMwk4sFKEUmSHqiPuYZ7j6pLxLXq6spCNScBA7xIFYF4Wy6Z2FgewxQwLFtbmNfLEGpvYZ5x7Ssbgu9/1u86vHgtCC3iKlPoAvIzJHAUIDqdb4Q+Yl+sqDtj4GgVzJPuA+sFwAdZZQ4LHvcBa58NgWOdIizlUhEeTiKgNzo/iNn6+m046KUZHPIajsVMBlAQ4neEF+u+sLQkpSDs0KgtjCG9EDDbnnLDf1kotq2/P03sHUtv7N4tSs2jR4+m/gErjcIogseg8ELf5BkI68VFlWR5xpOTkxqEmpt+qNLsk+Xl1A/nlBPBcYwh/ttKtQAAIABJREFU5/C9dOmymsy0CJBT8iAof5ATWEO+/O1v07F33lZeE9RDnCfhIWsokE3CPK4HeaT/htK7YsTDtEBGO6hFwrwixXj8BIz9I1URoNNkJJVG3v37D/S7YskN9qFQh+/iqrUkPvILPoHjhuW3hDsUI0fikWVIMWKDqPKMDorxuqpShEGF3inmf5vKkQWrpTN1KlHnDp3Blk3FKHmIKWNTMezIMf8SeZZ9vH+qELhWuubhIUQ8I0qenMvjJSOKxjNHkg6ZG1aW0JPP3NgFWJyObqE8JZMjvgbFzKCS8gjlF6YcoGe3qrKUZGXpESwsLWrHIok5ikaYyzGE7QK0CGPJixXlmjCsHzowoeR4aXFJhGowfBAyYaX7B2xc9saNG6JPIiogF+IZE5ngqQiHqF6pHEznmsWX/QMKqwjfCc9u3rqVpmZmtf+P9wI9Z/aD9syvPvko/e6r36XB4WGFb3wV9sxVya11+dndYdVPjjE9Pd1JMeyRhOXHwqAYLFc0pocH6eb1W6LSjNFFgQS9KsR3BD8GX6IGr6qKT5SF8kTS3Ui8o04fs85iyyAhNT5XXhuVmlC61ylG/L09otrIKfJstYll5DnhLbI/qICF7c8tihLl7rZXKiGXKYiTOmutcwknswI52BKhAJ5t+R6QiwF5UeavEeIIg7JjIxn3qlZJzA1WUveruK90s00PrQTM/aW3sXPbNpV18dRYbEqoRp3KHkVbRWbPxZC4eAN2e2BxQU1T4UExaMAhA+NjYyIwYNOr+icwDXZvlNJcu3JN50WYFnRBKATda5SFKcC+/m1pkfxjejodOXJEQjw7OyMoynUgSLOz+hz6LiNDO9K+vaPpy7/4Ip08fVLKH3MsYSTDQMWKAn5vm6KMsqjr3BXKtaVcaBi3IoD0Luhyy2NIMe6na1duCOaLYsAFFWEUVQ60qlaMWnhDMaS57lWibhzlYXkXD3MytNo7tmp6qZxmIUccO8SvLahrw5bOuUX2U3VFrJLpUsdqCnpB59fDXc3hpRJSFb9joVwT9hyNuTIhGErkvYXunvRCDOibbB3Z9LQn4I4Vq0pkKJJ5NschZexVScw5L2J7QzCbUvClzUdsbNqxIz1ZWlQI92zlZbr74L6KLzIaXv1CsHm/ho42bFRzjVIwzbiRoaG0b+9YGt87pnCIXgTejbwB3ipGnIEU9Xb3isCBGe7nhJKJYafH8mBsdCW8mpmbS+zW2NDjE4ILC2nn4KB2qd+7/yDduntfsHdCQhRjaOdAOnX6RPqr33+lz6cfFlROdt+L5+ZZ4KHCcAdVUde5y97gC3PD4H2XewxfVUU4JbDgHLDyyXT50jUpBkhaFCagGspNBPh6mfe2NRPWsrdCD85zjCLoxpgRFttcnwmjNbesEVbCMGc/7JQw1IKd+zOR2Lctefl33a2oz72tHFLCBltwHY6a4td4rSL47pECL1VBStbmQbGZFnxTd+reZPsm5mdmBIcooaGdnU2mwUdrCTV4pMj1LJS1XoCMT+qSUMc8RpR3adD1Q4O5A6DejARq/jH7FNnnV4acuH4SXut99CjZHiZpTSlNT06liYl96cjRNzUXgQVmRQFVHxRDy+21o29eFaLlp/S+Xgq2Ti7DJCDrz6LMS5gFaRvh3OE3j0jurl67KpZ3doBPTc8IbwWoUCuidw+nDz88mf7in/5Wk37cu1zI8Py5NqJcF0m/OLgCP9VJMbjFagCpiuHzFp543717P126eEUEzHCU0qQh7ucrqlLqTPtCw7ZiRKVED7JSDPs8Dwsqy21wCcY5rWoTrrAZj3v1pgO3rJTMlcmssQlmpyQ4ktVaMSOnkK/pUMJ1Mc/DXREixefaZ7U8TYu2s/2Q4tW2885gGiIZ2L5dVnZl+ZmhfjzhVpGDiJzl9owEb+xWc8uu1ZZP6h4qfOnWsxEnri+YEXmb7+MAzkGpFoEnH0AgJx9OqeIkYj5XMCl9lx2H3wPsmxgfVZOPabpDhw6lo8eO6jjXr11NB/ZPCCNFz2Fhlm2svrwzJVU33xgdS/cmJ9P9ycnUN7BNIZxwdZs3yxPNzM2KgYT/uCd/9z//kCanptMyOQ3MjKurmv8gdNu9eyj9+jdn0wdnTvsatArJUfMW+I3mveLMXV428CTl2h8uU5Uqbt0EwapFhDlUDtAmoB4QGzCqCqUm24+Y1OPv0aE1S24JOOWvhsWt8FKcjyxXxWkbiqGHGRa+Hq5Vfd72w8mTVInk+vbfhNkEr9j8TkqRlSXCnNZBO3kMO070P3yHYYNRpOQatfdof37JgUoOotd7ToBIEicLjcxar1jFFu5NJCNdqW9gu+rw01OTqlzRuGPuJYobKIAUQ1Uqu48RQnFO4JBQjOjrMETErhI6yjJoG7CottscBDSeACHCi40MQkYAoG9AAMLxveNpeNcuzXLfvX3HyJiHBhVNPANnt7CgcWeUj3UA9C6oOt198EBYrKHhYSkuYdnY2Jim9wZHRgTyW3r8NF24eCldunxVPL54GfBiW7f0pv0T4+nNNw+lDz88nSYO7JdXyf0ir/jF/a+fA7Ib3AKuGJezYjQF2XbnKYx69EjDI3fvPhBY8NKFy0q+YQNRPkHzzStNXDhK0YZnhAUNJYwHH17GBD0aViX5LSINloduroVTkQe9SilqT2Gfv763iONE0t2hmmuDLLEawT2eHbSZL1h1KJbb2JG43hqyEfeh7VGVQDo7BzsqVMp1YSbxphpkYYFxXZniW/MPwjMIoQlXzLg4dMRfZ3y3xnBe3muvkYD3MzPdJ9I8EuGZ2Xkl04wxGwzd5kGApxPTAxnnvbtGdglmPrxjmyDq+/ftVa9hcGRIaw4mHzyQ8GutwMBAmp56qAE2vN61q9fEQBioWo67vLKibjfnMzU1KbQuTb7do2+okfzNP3yr7jj9s2Dq7+vfkgb6t6RDh/anU6ffTwcOHEjDIyNZXkqU0FyP15D5n35SlUp37ofLl20HX+XvJegQMD9/JuHXdN7UQ3W6r1y5lq5dvakmDBANKYAqUVYtCq/RKVwJyxilW5UCG42+ohge7+gbr7NxTmPqK8oR2Kr11ePn4qPi+uscI47aioSKgvg9q+9feBG71ia9Tm2pSkOumQjWnkV4MZVebVCLqTYr7VpZEdZvjgldP00prCu1+dVkfRPsjClgeO9I5AnRbDMRfydcIY5HEKG9hMH8jgNCsciETJwXjTvB0VmI+exZeiJhZ5CpX0hYuJ3Ym/Heu2/bOoLebvFIce5aefb0mVDVCB/73k3wp6RkhFLMivN5k9PTWjhz/NixdPfuHXnJkV270uj4mBQIXinyXWY3kDcjletN+yZG06ef/SoNDe1Ucm44OwoRzVC7Uxhu3tnuKxFS1/eXLkkxshB43wFvQcMExaAadfcO21VvyGPcvPGjSA9CKfAQxfIX5rpQjna1iHp5uHRRcGYQYUsxqgDdlMPDoq6SRLYVUMlmh/Cpk+qE58nnGbMQVTLfSSnC+3VWx6JatVfIilfBxtu5Bf8OaIVZBFOM8MoKgeChDSiJh6eUSflaXJg3ZngvClAIieQ635fcYbeKlbBNPT3qbjPTQFf6wdQD9QmUUjm4lN4DXW6GpcgVCKHpRKOoDC8BKWE336ED+9MXn5+V9384Namq0PCu3Wlh8VFaerSUni49lnJcv3ZdCbuwd4+X0pEjRwUBR0m+/+G8jM+pU6fUW6EsrZHWVfYB7kh/+tOf08LCorwaXXeAgyO7BtNnZz9KEwf2Cu9E72PH9sFMwVQ3kSMqaDzbMsUkpEfXdxcvZo9RQpSfNKHHPDfdbrrbt3+8ox0WVy5fE3+osP8eNllYY5Q40bfoFEdHZaaeUf4lihEccgm4l2OCauGMh+8Bk/+pLdprxblOumsyNClMdZRO4U/zaE1/E4JfK+B6ChrhVt33oWEWZe1ADdhODOusE0z1iT6/Ny3Mzwlf1TYU6Eigk+N6jKHQcxjlGSyN2SyAIJ7k4cxDWXU+Q9Uq3+oUnpH8gr/jxVEqQh3OiKT9vXfeTidPnlB+cOvGNQ0C7fWwZn52Ns0zvwH0Ym5B9Epb+/tkAA4fPqxiDs/14qUrUjiabmNjo+p94KlQDJrKwELQf64bL0a/49jxI+mDMyfTrj3DqXfzJkU5mzdt9d5ERRRY9ahyQcUNcDx7yakUIygh3eVg/UE8sseAzjaAQUKo8+cvpdu3bsstyjK51ESOkfMM30lRg9lq70GMy9+aQMICh2gIT5WIG80bbtFCqojj25a/Kc6vCrMqpemQdEu5o6zq+UXjaFW5lnMxxS/et+0p471Ryo3zju8h/HjGAhMx+EdRMt+uC1xm82Yv306nlRfLKm82CwKii8xz+hJsL+mqwueXz7HpYg9s2y4GycePbX47PCNJN2vAeB2WmBEEwiOORxjDbDZJ++iuXcJHjYwMqwdx88ZNzfB0dXenD8+cSU+0LGZexN5g6yBQYNYfRSX0YS7j2+++V9+B7jnIXLhuNZ+uxttyOn/hosItPpd8iSrU+NgeVaDG940Kwo4yc84w1OzcubMQZLssFedQ9h3qHvv9IMeSYtQD4bbb7bmGkRhYh60acgO2qV6+fC1NPoAhzjrbIexFwAvpQafKT4Q4lvxZrT/QtTVmSiCI2HhaV6gsaPaiifNfeZJbe4soU3Y6hxDO3NmuJF3CV/HjNhLthmJYScCMLpmw5RP25TszGgrtf6l6FzWat/25/E1GxdneAe5b0m0seoD/6OuwmIVl94vzsy36Sa+UOSMJT9zuvZ2fElb6It4IZJE8iqGSrypfeIsY2bVpS6pinNPTZZu2tPtNfL9ZSrNraDDtHx8TgpbG3969+wQwpWAw+fBhOnnypCphU5OTagLiAZ4+e55m5+fEK8YmJ+j/H0xOac2xAIrapgRTu7Heg486f/68WgQMFvFZu+DD3Tua3n33bWGjOE4UBmHXpy9BsSBkNYoV9RRozv1UksaW/JS6vr1wQR4jKjgIKhdP7KdFgw/MW6AY5BiLj5YsaXPtMiCg5RXxc7siVVv02opGryTKtiaXdnI1IrVUiKxzHRMb1hkHHNda1uKLC9dTjFzlbDUY1q9Euey32LGLZ6rVrWia7V8oM+Ft38XVWH7n0PdYDe2jqbGcM3sUt/g0wLZt36HeBnG8suxqJ7pJQVFV+9ySe+F3UQwqTHg4mmPmHcwys7CF70buZuuNyUH4XAOW2igpTUaqvrB2DA/uSO+8dURWnvMiFyCBRzF+vH0nHT1iQ0V3frytfsru3XtEt4T1n11YkECD/7pz564+VyhgqIEAK27ZLFmk8kZhgCYkCnH0yKF08PABeRXWCdDMo6QdRjJGIKw7X6qZYfyKfPggXTZcrhjhMQJR+wSiA5/Su33nnpp5KAajq1pVK3NvmrGeUqxXgak1l5kPEkSTC3drQbzbftDxtCvpUjlTF2whQjk2Xef1d99lBWh33lqSmwOtcAhZMaoGQovGtKkW5RzoJzQU0ptrVlCwZmecTpCwJeeidTk3sjFxS23NG1IRTlOKzOGdO9ttRcyKLBJXSrSQEvTqmNqSG80vr1ZRfeLeUmLlPEWv89R2nWhdMhuPnj1J43v2pC9+fVbkauwvB77BiCoeg2Qd5OtbR48IEsIoA+E5G1w3dHWL+GBJhHvP5SU02rC4qM1JMR6N1Qerpw23d+7IU0zsG0uff/GpehY8FsCF5CQRvoeC0CfhXDVEFbxdtX8vwpArs/IqeIxYqiE+WZgFnxoEhKT7BquGL16Wcjycms478uIxd1KM2mNEpSUnbhXYMBQr5potCTavYPMIwRnVyZa7FYyhIc85TCHds7xC8DspR6NK5FLVTt3NqnpoFJ+zVgL91ltolvODiuQLq6nehk+91dW0qEyVvXG2yw8gB9aY4X2E89HCnJTNcoc4YftJzyfKtEGvFy/JnLkG0ITBT8yDHkpEKEd4xResgwgYljxYCsFrUQZ++Xw5HZ7Yl37z6880MUcZHyg7noBEWYZrQ5eEGsob/Bg9CBSmp2eTKlJ01/mO0qAMgBB3jQwLOsLvGEy6dv2Gwjk8xvZt/endd4+nzz//JI2O7RGnraAwWpDjYaTmVQxejjyiXOoReWvCGBqDpLw85fwcQjEQQpCTxi74VPViGD/g6qEaRQ9j8dFiLtHWOxzqpDvCqXhOnGjtxiKpqz2K4jqHoFgoZUoRuKl2UFDk0KphVGq4yuaMxOtZ0Nt5Ru0HPLZoiXw08oLmJhhJCoVmue6iQBamxB2L3oJP7wU7oX94rnx5eGPnYRN3bCRl4k2IU7GBGxTHPKZVn3Q/spL4+ZXfeJ7iiu1QG0IUOJVWfKEMibkUxtHQMHowLUfIJTKC58/VwIuVZJA2/+qjM7pGKkusGaND/mgR4OlcWn7xQr0BhB5PNTM7pw42zTqYFcll6VAjG0bEsJLGR0dFf4ORo1RLpxtFRdDZmvThByfT/v1j6Y3R3UL18reA78vgRqKdrIKG14h7E8+iRlvXYbdeF4qh/dsvlmU5bNXwnOj7z1+4JGwUlSkNcKjjWzSMgwQrXu09ojfSiI9biW2uJ3siZ0rjniIGduzRd7TJ2fXnjnQox89lEmweub450eWuQ6MQQlnkDI+3EEahYOMsS0JeWzH9tsZKBYGzX2IId2xYihK3Eu7eTWJNefpkSfPPwZKUae1rMGX2nI6TCrTAGuAWOcFmhWma/4ZFBFJozcFYjoEiSjFWXhqOqIstrQOCf4CiffZkKX368cfpwdSUltnTf6AaxPYmyqbkGjBTEppxPTTwOBZjrAh0RgR0ddnuDDhut24RAwijtSgRk3WEmMMjQ+njX51RjjGxf1znYffTys514zSUgzDNOvfORpjvQaGGqp+RmqffnD+/yuCJ9ls8t6FwLgaAFrQ43/9wQSAvSrQBDIyHtV7inR9mSwjaSXhdeTJ8VqHqqT1GsbVN/agTdBNkm0MIC/2qqlQnTWt7jKiiuX2tcFEB0/cwiXOP+DzmOnJBoHS/6/OKSlQuYpCke3gVa9Xy+avj35U2eagQw0kWcqoOpsS47eXM81qxom4cNu6LmAl7lbPQt0Lwoc3hi84xhtI4cmEUeamKE9Ui0WN2daUjbx5SEs6O7/mFxfQP33ybDh48qDwAj8Z1gq+LHJARWYyuxky9JMxseEAxCNu4IhbMULsEA4XiYKwHhwfTiRPvpnffOZ6GhnemLVsMNh97VGwsoRkpoEx8DvIdEPtSoWsWeRpRzLfnzq0aCwhhFHy0j9XpJulWifaSoWhfLFvziNtfZ/61l+DA0aDita8TzIj37H1R1aq8RqMIqiOukeeOVn4N5XtHh/MLf9n0AM3eA2O8tsOieZYl9Gooq4dVUcSIY1HP1/Xkh+uej/Ktb1/VUBifpXFZ+J4IsyzoNBSyhXCW58UZWTgb8/Xx+8hGNm3akoaHR0Q0IPob2M27WURjAgUVpkFTTCngeoK9nI70/okJdZ7JR+e1Vm5Og1TsBV9aeiShhXuMc9XeccGALHe0hLhL3gW545yHhoZVjgU4uAqPVA+MIxvS8K7hdPjwwXTmzAdpeGTQeHEdQVHnhvFQo8oaz4PriP5ZJ0BprRR6Vt/88MMquQWd7iBS4yIhyP3h+/PyGiBr5dpd2LX0pENFqj44P4dFqCWwdll1p7H2GA2AnL/Za04NYe6keG3P8XOkP47T6QaX969VDDXqPIkzYS7hVBbJav47jq9zjP/8hYEfC8NiZV73fs4qGOuGI/ciNAg6GQvnWEhZ9vEVNS2KETghKaPnZf1925S7WNXIiCZQJOAZyh9Z+ANDyFZ2cfdpbJVzoGwb/Q1g4eDpCPXATul5rsJm/yw9ewqpHkphgMemPFhuFCHk3r170/TMnPoX4K/oao/sHkkHDkykw0cOaTyW/Ea0PFVvaT0jHB6E71wLcyClQON3qBVeyqN8/d13q2Iup+P55ImRHdxjMf0V/cf8hbg8G01i8wx1oh3eIjyFLFYHErTQYGtgOambmLjNygVNZynf2sm/TjGy0HnooH//I8KqtQpVFKN+IFF1wnLH/2StosHXQTGyVbO8Wl9txchJOAoCTT/UL8vsiShDUAgh1ryUpgMRUBL7mAPneMauoiTRej+ZbML4pFByZCGMWh0SI7hUliiJQsTGXAjAPqs+3VeYAvMGn0MyHOsfKLOiDCTX9DT4e1wrPFN8Bp5EnLgbuxSS8Xqg7MPsEt89kk6fPpl6N/emnTu3p8GdO+VB2hiweCbtUCqUIK7JYPYlB+2kULruP3399SqxZdSP8RZ4iQsXrug7cHO90B9gHCiUov53++c2K3c+SZeMnMBWMHK7sGjSlArL6xSjFuRM2dYaH/053qMW2lByU+bIXVqQj4CSaCbCmMlD+e1hWYc+Hlgp3draMaMbLXMR8fkyNJ53oBQWstoiGP5GNxfdw2gh6PIAGc1bZshDuNsoY8vHjNDOwi6b447nap4D0KKNyfIfQsuoaUQOAEwJfUiuqfrQaCQ/FY7L5xsUNQhyYj0RmnXkKdo/vgnoxzOVdEmiKcNSgYLkgD4Gm10HBvrSyK5h3VcmBlEmFXY6lOLNa0aztPD+RvoV3rhUr5ps+RHSymP88c9/Xl16Aleoja7iIQBxkVvcvXdfZFh6wM5xFMJS5xO1u4oHqxvrsbI+qFq0GDc6tLz+WzlWzDJ7V7aDVNfJdxaopoYIPmHhTrHir1IQnWv1gjj3UI463JLQ+2t1f1qKEdWSOinUtXvCnJP91uShHafkDIHDirwCg2/LKN0DtC6ohLQVLN+gsvmLYxrBhFXJFMpkwCGkC9BtWoiDEiJUoGi5yqDyRAkmJvZLGTCs6oozz+DsMCzUtJ7IRlWb9ozuUUgEUYLWJm/tk7cZfeONtGPHNsE8LEzqTgP9zIgvpb6BPhUGQHsz003OUgM9Q5jDQ5t8Gll1GNlibJr6ZM/SCxSVosmY/O8//nF18bERHeAtbt28k86dv5iuXL2uvkUWlFbem8dY/YChjflERZ9jCXUIfgPm4bFmKEkJpWqSA/MebcRrEai1S2PWlkx9jsPvTjt9z7sqXgMPye/LJdHSN7HzK7y7xbsULxMKH9eiQDIKSS6cWaDdPcdgVggviiGohyOLYw+iXVq7SeX3PZJwzyfiM2zGu1RxCMsovkhZoGalAqV+BjDzTcYl5fAVrD0wjCdPnmZvSHIbNErZuHmIyKwIVJqf/frTdPrUSTUCFdr5QBtKYpu2jGwaj4ByUKLV3j267C/K74t6VxY/4DSZM0D+w+5MfrZNWtWQy/o18dquv/+//2d1boGFktPpzo93DRd18YqAXGKG1hRZWXdcl2gDH1UsVDkRvS72ODgGqhnPNcdp62GSEidatUqa3VFwOzfx2sKfDWUkfpF7rFM569Q16aQYZay15EAxK7F2qs+OECGhPJgbjQgNLPSnWWeoXgRXwtsyeTImGZ28kudUSEit2er3rLq+4unMkooPygkb+DelWfBx9pllXsYIAkwxEDQKNSg3oU9A02tKHkKj6AExO4IXOHzoYPrk04/SZ599IjxUCCznajPjwQJvmDttbu3p8QEny2U4R1PMOjaoZ2+qvK7ChdURTkQoMeraVpwS2aymrj/8/f9anZ2bVfv++pXrgn5cvR59i3CzMc9sSXc9lGTxqWllXVFR+dXXSIW7KicWF9fsHNRhih2ryWlbhznuBCthe3V52DyT8y1Vw0x1OPPKEKtVAcnVrwillOvHJGR4imqXhYdLElody4ErecMSiuKAQ4U2JbbHYoNlimJGeN5cGvdQMbhno/JEk045SNVPqpN6fh+NWDyIgQkLUiGg79gkY8/4yabbMnt9IUegxCveK5/JYcH94I6d6e3jx9KpUyfSxx//E+ULXHXd/C1yburPNXEMNRJT0sAUkJAYbKtDW40hqH/UNGXZ6ldDYSGnIasha7VRb+QY//0Pf7eKtwDwdf6Hi5rQo4cBXkWxpzOU66SjBOvftcC9KsuG0lCm0wU4OLDGScXPxQi6JW0RMkSFqtHEa8X/tcZ3svJZ/Sq4t+UaTYjGqxSi/lsVrJgx8NkGU3x7ZQ1LiNJknfjag3DPGieNQnj1Ck+gnoXDO3TMvDyG2r8xBUrYGxZ0LaMhpdu6clhb5vY11x4l9mkQ04tdXmQMNPuMijWMIOdlUAwbjwU+jkDzxfajo0cOp88/P5vef/+9tG37QI7nOacgYdB1+MkoUnCofdD5TD+EprM/8xfb/QtuqLJZq/GcqugihD0UolaMEubHk43vXanrv/6P/7aKt4D147tvz1klam5BD1q7n327qMWEeItSho0qgPFCxXjriobpgY2YZVwrsvG7Oi8Jq1ZrcpsJRALWSFRLKNX+lPUsgv3eA5pcUl1frcJC1Tc4kKwllKqOmatX5XcxH1JbLZpyuaQreLF5NC2G792kQ8fcw8sXK25lreQaQEvjSzJFU6ix0XoY8RWri20+3JJ+4viA3oSFjnufn4HnHlYSNVg/gg8MpUQISXmAaHiccUQGR6DDwTSxbzydPv1+OvvZJ2loeDD3ZOIzdZ6xRjuKI4Tf3m8IaAfzJuK79UEpUx6LFzKmriVj9T2oPUynkL/ISclX9Z7/9F/+8+qtH2+nC+cvpW+/O2dd7ucvZMFYXiiaGw+VeAOuGZcfFqsohHVjbTNSc91XxNP1AwjNjTi3rRh1iGavNaWIGxKWPwb6o8JQW4bXeYJ2s+l1r2//vZ3LZNvXelBN42BJt37nS3Xyg/S+AtuFEAygFvDPWkhqSyVDMSLP0H1yZbDQx/ZUmPeKsq2duf3b+k91Lb+2orXniJlzDh+QEp2re1y8Aw0zsEhUqjhPSqpvvXk4HTp8IP3mN2fTgYP79bv6ucjIuGcIBYjcSzLmKwtQzFj9xetsLVk9TlAqiG1lWPOsKiO49rXNJF2K8e//43/CFrlPAAAG2klEQVRYvXrlevru+/Pp/PmL6nLzB4bMRchFDd0FkhuufdHhzjLHk60MIGnSQhM/iU7aGvFlW3u5WfXfZBlymddFMJbFdICj1yHKzxfwpqfo5N3aDzSOXV9bw41HPJ8xU6UyZcfyBMP9lu3Cs54FfQUS1m7IlAmfGANg6493wWMGPA8led8hZmMU+kp5zPrVimF/s33poRS1QsTPWVC9Qao7r/8rLJKhGIRQHBfoCOEO10II9f6Jd9Jnn36c3jp2NPWxSNKnD8P4RchUP+OgZQ1u4siFOF+UjpIwTb9aMfS8Kg9ZC/x6itF4Vvm9JbyNv3f9u7/921WAgt9/dy7d+vGO9y1WBSSzakmBf3DSRlXvcZ43nvg3CsEssM2CNzUwXH1cbJ0sxcXE3yJkCa8T/843Mc9r2CWE9fv5ytD5lXWIFYKDZ1xPWdb7vKjIrPUmJlz25cqSO7CeQFahVFwvEG+VrPMyGPMG5mmtslULeLlfkXNYBQurzchq5DvN683qrutl+g5BjOfM96hWWVgWHs/eR6K9ffs2ja7u2T2SPvn4TDp79tO0a89uG5pyLrC60WZew4sTHgpGB7/m3+L68EyxFkxFgMZdLE+i7Qma4e/6rzN0QAn7JXv/9m/+ZvWbb88plJqZgWnCgF14DOJgziLcddl+5AepNopqjPAlYZaVeNcKbSTZZXdEfeJtAYx/h9WLfEQnXSlH7SnsITQ5sn6ZwkQJeb1b72LdothcY52qKlD9N1P+cn46X9eV0q23YaRyzwNUWYoUZjSKMNeKYT870tiLA1S1bC+i8d063jaLVx1nc/+2bGERvUFDQpGjd2Ke0qHzL+1+b+mDjYMFM73p7eNH09mzn6T3TryjErA9N/NegdKxok2B7ttnFGMaOVF8fiTqIH3JdeqqVp231fd6Pe+xXhjV7gN1/at//W9Wv/76OzELPnnsU1xejYrcIjMrt+YpoiqVq1GBdfJmVyG2KhdtcX2TiCwuKLxG1NEVYlTz5GFFVfKr5sNDMH6ZErz+1UVxS/n1le+q9Kmzx8hXqh8CDKiHFUrjla2QyRpQqZCqCksCB9U8pygRkxta1QgCNmYj4Jzp2liNfynht9JweN7wEjq/qppnZVxP9mPPn+/6Y4Kut2djGh/dnT766Ez61cdntGfPSqyQd1thZmO392iy4ViLgYtnHs+6Du04xwwfbz2IOvLopBTtyKNWRpOfmHv3+/fP/vm/WD137lJamH+UN4DW8bNctoi5gku1JD+hGOEdTIgNChKsH2thG1atCSWoL6KEWhZ3x7/DW5TXWkyIcpgHeT3E/fVqsP4rfnaS3nI09X1sK+8aN5/L1SXcstdEtcQOnpPgWscaWhjVMKM01eYisX447oxxVxfMLm+9B6mzKZo10UrCXYjZyH8IBni/oOlOg0TuAgr2xLvH0wcfnExvHX9LEBDz3jYvov6NZs3d20QOWd125VWxeMj/HtOfcf+Ctgelq5VhPW+RQ/CqHRBRRjvaqI/R9f5Hn67euzspzp5cHs3mynE9XrINt5UfnVMa1hdUz1W0G3ThlotihEB3LunWFqt4C9PuHEpEtaHS+n+MErzqvT9bQfwgRfjbOVdY43LdFnO3PEoO2db6Hz3UmMOQ1IQxsTFXzhWuWes7hDX0F8qSFAXMitKi/gmiNk2bOwwFlCyz3zEgxALJbf196dDBiXTq5Il0+sNT6Y0x8xYBOSn31O9D3J8ONzs8RhjDeqdKyAD5Rt5E2xpMqg3Q2hxj7XOom8+N944fOrb66NGSSrAZluzpIfSMUUaLyoKsYG25XDALPCTg6LHcpY1n6hyWhIUKK4C1CesYJ2w3LYjA3Bk2mn5eyfr/pBm/VDGKOHcOrMQcUuUcdZwbRqGdh4Vx0kyMLDDDSnEvXOEIcaD2B6vm6NaA3MR3E1p7PeGZwiTvU/E7+gYQIMROvoBjsDP84MFD2pPXu6lHrIJjo7vTqZPvpWPHj6YDBw+kHSyT9+fXDms6hTxtAY7w2cI8o72Jr1AcqlUxetvJWzTDwBIqxT0OY857258vGR98Y/8qQyShjbkalN2t37xcE1/buOO9weFTQ8bLbEVbMOJCC1u3naC58TjRiC9DMcKjdYqtmz4noMedQyzONxK42kq0b3B9c+3nqmT5GuVbL8doCvqGRDgTIZNCDZn+KG64j837Pcr1cHyVeHPDs0zxhRGzPeGlPFzfN1NI+2x6ESiK5m6cwA7g3tLSonQPMGE0+1AgYOHGDvhTGtjWl0Z3D6fThFBvHU07h3YKNRud6+wDOxQs6ri/fg4hT9aXMaBj+ytg8bWMrPcsm16heaz62PEz3/8f6bgCDBe5DUUAAAAASUVORK5CYII=', '2023-08-07 17:20:37', 'Descrição da postagem\r\n								', 'no');
INSERT INTO `user_new_post` (`user_new_post_id`, `user_new_post_user_id`, `user_new_post_image`, `user_new_post_blob_image`, `user_new_post_date`, `user_new_post_description`, `user_new_post_arquivar`) VALUES
(17, 7, 'photo-1438761681033-6461ffad8d80.jpeg', 'data:image/png;base64,iVBORw0KGgoAAAANSUhEUgAAAKAAAACgCAYAAACLz2ctAAAAAXNSR0IArs4c6QAAIABJREFUeF6MvfmzZelVJbbvPL45x6qsUWohhZs5DHJAW5geTDj8Fzj8kyPsADQVjqYRNA5MCGiwozFg7HAb2+qGRoLGTI0FCIwEtNSgBllSqUpVlZWVlXO++d15Hhxr7b2/7zvnvRSdGS/edN+9556zzh7WXnvvwucejNYrWYsUCrIuyLl/Bfx8vcKvBb9er9eCr1Yr+xt+7//W9nv9Hn/r//AVn2u1llKxmPm9P65QKPIx8Xu+lP3jM4Rj0Mfoa/vjcSjhNddrPlqPPz1GfU79ydpe7/z7Tn/iz7laraRox47n5M8La76nYqEYXoevyePSZ9FTFo8hHu9a9EwIz316vvyYi0U7134W7En96fB3eGzRXytzxuO7wLHjja+XKykuF3J8723500/+a3lw6w2RcV8utRtSWi5kNh7JeDyW0XQu/eFY1sWiVKo1KRZLgudYLJayWK1kNp/LZDKR2Wwmy+WC56VUKEm1UpGinRccU6VcktVyyXO9XCx5/SqVCp+rXCxJ4XP3h2u8CYAQn/HH/uZxQlbh4q15JuPFtN/lAGinM0GOXih/mB2bAGx+MRVEEXz4eQShnll/Dvw9T3gAAm4OBWcGNIqv+C9/c4Wbw4D0BAymN0P6VhWA+ac/9wM+Jh5GDoT41p6UGHUUpYfN95s7ONxoDlyenLUIAOY/LMQbPL18q8VcVpOpfOXzfymf/5NPyfB4X1aDrlzf25KyLGU5m8poNJb+aCyT2VIq9YYUS2WZL5YyGY+Jhel0JpPpVFZrBWFqMCrlshSlINVKmSd/vVpIqVCQUrGgN4gZheViEa4hAYgnW9IKml2AdeMb008RhHgS3En2M7MCuBhAtFtLPeUOHIPkWgga2AY96HiSAvgEB1vS3xNgasH07/C1HVZyUeMldyD51XLbEm+J7GW04zh/bfkT3sX2z61osHqZv3ErfMHrZUBvj/NTm6L3gud7wv0gsIgAlR+LGgRDpF1gnntaYfzXkwUrNDo9kc/9wSflq3/1l7Ia9aW0mMnuZlOqRRjBnoxHI1ms1jJbLKRQqki5WpXpdC7TGT5mtIyTyZTPXSwVeZUXi4Wer2JRyuUywQYgFtYrqZZKBF65CGiteO1hEXFA0+lUlvOlFP78Tne9EgWgutp4y/mldHAR1bSCKwKOb95OQDwhCtDUiqauxS2XgzD9XCzggNUyAoAKTLWGAIT+rQM4CxAFvX/43eM3QTHcRMF142ZLLAn/wlxncu89CQd6f+a8Rfqe3TXmH+OuM//z7G2SN3nxMLJuOr0h11Kw8CjeORoWrBcLeXzvrvzx7/y2PHztFSlNx7KcjOTpq5dEVjOCD+4QLnU8nUq13pBCqSSz+UKGgzEBCas3m89kuVhJsVSitV6uFA+lUokf7hUa9Zqsl0uplIpSrZSkDFdcLEi1XJRiYS0rs4C0iJ+5fbyGhVvCCdO6OagURAz1LJ5Z0pfD2utnWkMDYwq6eLrcOiTxjVk/BVQJfie4Y3xfkKKUSmUFIX7nFhGmHG/cABgslAE0XkC9AezSXOieU6DiNdIYMb3AKfocMGn8dlF8GawkLVU2RiVoz1nAxEF7XJmJHaK1c9D7cWVdM21d5h/Bt1zJ2699VT79O78lvf1HMu6eyWo6kUatIjsbTRn3zqReqchsOlWLthbGfKPJWIajsSwWK34GAKu1Ki/5YrmUJTBQUKuHfGBuoEI8SKMiaymXitJs1GSz1ZRapSjtRl2a1bLUq2WZ4/kqFSl86o2HOEz6dDwp3oQDLMYPavUUZOaCl+rHcUT4mX5tMAgBXwzEw4W1JENdLWwzgAXAlfQDX8MS2vcAoFtN3mlmBd1V4++jO9fX82NMY8MUODhQPGe02uctTMaaBWAQAvnLbM+jLtj/LrWA4XbAseYCOvXEHifHz3nw+3Nnb5Dzx2KhFl31YjqVm195Wf7k9/61jPYfyrzfk8V8LovpRJ6+flkGnVOpFNYCp4hkolypSrFclsVyJf3BAH5Vut0eXTCuC/zpYjaXuRmicrkiI7jtJeJP9VDValVaraY0Gg2CUNZLgr1WLklJViLLqchyQTButttS+ORX76yB2ggiBZO7WD1f6trUAurv3PKtzRoiE9Q3b3EkU1INrHmhYdsstnOXSnCV1N2WimUplSsKwFKZGRWAqQAs8c0rUPlMClCCz2JL+zq92JqsZC1R3irlLVq80BFQfAwSMnM5+fg2+5rZc5AFzJrnI02ZUgDGUCeL8ezNk94s8BIxSWEIhaBL0S9vvPxl+czv/Kb0Hj+Q4ZlautPTU7l6eU9Kq6mUZSWF1YoJxngylb29Pb5HxHpwr4j7Or0uLd26WGLcNptNpVGvy2K5luFgRNBtbG5IEdeuWJQlEp3VitZtPB5JqVSUcrEgrUZNtjdasr3RlGatIovJWJaLmRR+869fWdNUi8Z18Lka56UgVACu1p5Oz2UF1PMxS4KX2bPFhQSj0TrB0jCwLyrgPLEA8BCoAnAGNgS+pRJSeQUgAQlrWcLfqmtW8NnXBbVmfpHwfO6qPN6LyYO+rxQUWQBG0OE19DzoBV8iySIlkgBAUzv7QcyM9IbLWlWEOQo+fX1PWQzbwXo+KQSIbjfGwHkrTZqlILKczeXWV1+Tf/v//pGc3L4pR/felt3tHTk6OpJmsylbGy0pzsdSKQkt2tnZmTSbLdnY2KDb7J51ZF0oyBgx4WQCuyXT+VJG47FUq2UaAGTLsIBbW1t0z5PZjAkJ3k+9VpPNzU2ZTsaMF5GYwPIjBqyWCtKolvkBQBY+8dl/RwACSLBwbsXwNU6ag5FuQtayWMzJ++DK0HK6BTRApic/0goaV8JtBosHoFgMgTcCcFUAvnKFVq9UBhDVKqZALJbVIrplhIUjKHFaLG7MJjopSLLBfTagx4VVIHuWSb7TAvsQYRgNlII8niO1xh6OOAgVfDEOxsXgeVBmLmOlESRmQGjkbBqnZuyjP36tx71cruT1l78i/+4zfyKdh/fk9OFdszYrxnnXr12VQfdMttsNmU/H/Bnuoe2tTVqvJhKI1VJOTk4MeAuZzucyHE2YD5RLJcaAMBIAMzPj6ZTHjJu/XK0ojgqi7plZcoHWE3dvrVKWVr0mm826XNrdlMLHPvVpc8HR4sES6kfMej3hUAAu1dTiyZmIqHtG5oOTGiwSs0rNrANAABZasxIJSQKvUpFStco7CoArV2pSKJelTBCqheTX4JlgKfEzixfx3Jr+I8MyCscz5wyf6KFEzF49g4sXN/KVhAY9gwEyEMqRlrrIkuK8MU4NGTaeI0tEk1TS8JeW0J8numODmP5hcLMXg9ALAkryf/UrX5E//O3flsKwK4PDAznZfySXL+3Jwf4hAQNXCCu0nI1lPBzweu1sb5MuGQ160q5XyeMBWKReZnNZrET6/QEBideo1eqMDxE34nE4/0xG1rCUM9604Ppw4AzbCkWpVPC8FVpCgLCC97+cS+F/+a3fXQNUHtfRGi5X/MPV0ohngAyAXC5ljhcACOcLpvewnPg57hqNbvSf8kR6d+tpNHYQsVy5LNVaTcqVspQrFamB8AQAq1WpgnWHCwYoAcZyhQePnzFIpnWsEKD4Gm+cFjAkLu7iNXlhRmZZmfLVTs2c5/n0Yhd54+Utn1pABdPXcpOMOVkZiVUb/Us9CWr39F+p5GcscpgpF/01s+ysGRQ4oNdeeVV+45f/ubSB6mFPHt25Q3cIK9TtdmV7c1NKRZFmvSK902PGYJVShQCdTkaymk9ld6Mly/lMWs2GDEYjGU1m0huOZDpbkAPE6Wu32zKfL6Q/GAb+D78YjoaMDQHERqvJ2B5/Qw8AQwHDQQe+lkatJq1GVQr/48f+xZqgWgF0cKkrcj3uRgBGAAwWbzmfE2grlFRwRSzmo4+3WMhfTJl9PUuRQNZgHq6ZVg93TqUi1XpNyrUarSAoALpdALKiVhGfKxX8HFmauWc8Bs9BslMtotM3pGucT+RnA6GDMZT7stknTpzGfHC9+tnv4HAXhQsfXeVFcaUnZU/imx3EAJwmUpq84FzSVrO8dnECFQ6BiZGW2B4+2Jd/9gv/s2yW1lKcjqR7+FhODw9le2eP7pTutVFnQoBYbDrqy2Q0lFajKTvbW1JcL2U06Mql7U0pGr3WarXkpNOV8WQmnW6frhfXGZYUmTHiQFxHAA1VEfysUCzLAhbQb2K733A6laDGjadxYb1akcI//umfWcOU4i6BCzXIhNQKVpC1PLOCNCJe1QiZZwy6mYD5sySZqVsiBWQCiBJY9ZJUahWp1OsBhLCG5WqNMUW1WqdbVvdcVeBZ3Ejzj995smKJDS5KpHeSxIeWCRUXzSD9eDTUArmqb11dL2+j/ClJatAZM5Th/XAjp+85vE6OG3QApu7XbeSTAOjgxc0OAI6GI/lXv/rrcvPLX5adSkHmg67cv/u2NOsNWnPEYriR2q2mVEtFltyW8wlLZTAkl3a3pV7Wn5cLK1qojVZDGo269Pp9mc0Wctbp05pVKupZEAMOR5oFo1SH+jCuw2S2IJkNAxKOE2EJQ6mYILJCgjj4gz/4Q2uvzfnpTOrmGoOYFdOCmAKQT17UeC9T7TwHwKzLiy4Rf2t2E4E0rBRS9mqNFhGWEOCDZazWFIAAJdJ9tZJIWuCuAUDNnDWZUVYex83vjUdk4mLkN4kcum17H2aqkfm5FfRqZIRYLAXqz55crcjC0m+4C2q6loR4JsxTmtwUaSbtVaqURtTa7EQ+9+eflduvvyn7t2/Lqn8mw7NjOTw8kO3tbRkNFHw4WlzwjUadQBuPBlKrlGh0drba0iI1MiJnt5rPpFYt8wOvO58tZD5fyWA44nNo8lihG4ZVnMM7rkSK5aoMWDMWmS2Xig0kRgjfYNHLJbWMqyWtexUW8Hvf/5I6G4tZYtyRLXk5cNK70l1bAK7VH11t4nRL6qL8eZSjS6xQkiUSRCjh1GpSQawIENYbUoJLhjsmIGEh1RI6EGHx6LKRlJDCUVfMbBpEqgPPQRkEEJb9ImhmUV+rMJGXS+PFbB02cJ8X1I79vLpLvSh2VFrG3LAB0M+N85gpoD051Odcyeuvvy733n5bTh/vy9G9e3J6/56cHe6zrFatVGU2ndAyw0qhDrvZbEhhvaT7xWvDFQKUxdVcaqUCy2b1aknK8EwmKKiUK4jmZTQYqyWzOBxuF8ULRmP8KMgYGfN4FDJjKF1IYZVLWmNm9UvPJ0O37/v+D5OGcf4snrRsGSl1myStrWCvZLDLjzTVwG95sjMuOCvBwuNSWZYnKw7WtZpZJhuVek1qzaaBTsHIuNEACfYeQISldBACfExQCL6KxYRqHZ1LDCIIq8rgmFEy14wpgk6BoO4jb/m8JPjvbw/d7fvTOQ0DLjVawEglOfyc4EforVYE/N1n/82fy5W9PRmcnsqbX3lZzu4/kPu3b5PyokzKrDzccK1akQZCmnKRpbA5Xa7GhI1KkaIExH8on6FSAZ6QbppltQpdcWGtFrDZbhPkc1RWFqDsWF+S4QRqmiFpF5TnmECWy9IbDGUyRxUFKhpYTiSwKwVgGp945ugmPwVePBXKMYDlRgyh4ZNzaCrrUlDmQewgVLWJYjTromlhWQ7U8g7OIEy3xoTVYA0dgAiCGSsaGD0+9AwaATJPAiottIiahYdSH/kQJbcRQOvdmZT3/GbyKo/+OsaOIN2TxCE9l3xvBmR6efL58ZzozRbPKosYlnyod8mC1WNSWrT5XD7zmU+TNL5x/ZosxiN5/ctfloc335SHb9+RUqFIxgJJY6VSlhVqtLKWGikro39QWFiuWCKrloXWr1QQxolt1HDbTWk1q4z/GffjTaxhF4shVsZzQqLF5GO5kjHc+2xKcCKvoPUrlUjndHoDGY2nwkwDZT0kNQ5Av+OiO40nOQWKnXkGgvg59F560nEh7SR7+Y2/82wxHws6CM/HiHg+J8Epy7IgFNRM0agbAJBUjmXOFSQqILINiMiumU0blaNuWANhWEacsGgBFZACHtFLf/aeQpzo1o9ZfOoU49d52kRvrkwklxEjpKEJbnjPgAHSCMBstq3kw0pGo6H8/if/H3nhuefl6975TvnTP/4jOXn4SF7+y8/L4OyM/OJ0MuHz4HnVpWocCPoM31dAmiMeW6+kXFiSn4NsisoVCAnqVdnaaku9VuH3Gn5ZogbRSKFEkOHnTr/MlqqcQdwJy7hcrwjMyXwpp50eE5TZYil4HOLEwvd97wcpp00zNo9B/G6OAExYeidSzYq5JQtaNROMRpces1+/y+PzpzGWEzpahcCNoVSD3jUAULGMZEUrJ0W4FGTP5apUaw3Gg/g5ExO6ZiO4AVx+r+66kAggYMPVTUcRBHgRlg5z1A1DA3J4Jj9iwZ3vhOcQ0rZsrOcgtJg6YwFTIGulSa2mUjB+k/u1SYsD9+7dkfv37kqr2ZT1bC5/8enPyP03b8mo05FRrysVyKmmE4Y5MBJMKAg2VU+zAgNqxGI9ZL+gRYqCakXFvl7TbbeadanXyiSo63XwiqDiQNVpqILqC2wqPZesZTYDr6xxJ4AI8cJoMienOJpMpD8ayXA6YYWFANSMNrVE2fqqnoD0TleOL+8iXNqUik3TU5x3t/idE7t4+lDGSixHxkrw/boLE1rDSl1dMy0gEhQAkCS3CioJTGbLJf6sgpOM7NhKfkECVoGrUYmYSsBSWZiX+bTWGghusgJZC4/jc0uox67Uq5fYohomtYx+JiKB7bSM3qR6FlUgom769de/Kt3OGUHx6he/JDf/vy9L9/BIlqjdLuZUnOB2oAS/sCb/B2DBAlKPt9IqFq0fdHulIl3uajmXqglL67WqQNtXhsoFSWG5KPV6RZqNBn+2mC/pfr1iBmDixoThgIwL/wBO8INQWMP9AoDd4YjZcm84lML7LQb0mNvBln7OWyp1Qc5zRVftJzy6cVPC5DJEf76UL1Qbcr7KkFoTNTRaYQHRy4sKS0VyWjnCWkO5RIKtXicgYSERRGvWXCYwofhNJV8o9dEtk9BWZQfcNl7TMz/eIGbxY+057WHJg8rflZ8jCwkZT+lj4w1Gc5JYQD8Xfpa8LCosf52eHsvhwWMZDfoyOD6Vz/ze78vorCNFuOj5jL0doFmWKHetl3S3sIQgowHM2WwiVdTVAUIqlUSJ6lKRVQqEBDUDII4VGTSsaKVSlAbKdYijCyKLOYCuNyJVzsslS24AJl3wEsYM5HRBur2BDMdTSv6H05mMUEP+wPtfAp0ZLFGafanrjYmDKr09rstVOFJTl5zY1OqxtmplmWzmHHtR0lg0XE6rCAS6m1bFZU+8miSOmd0CjKiuNJAp19UaVqusXxKUtaqV+VDe0zgQ4OPXlISZCMJFsa6+oWX0hEVdc6bUl7jqGHbkm6I0QWM0YUR3TPLcCnrUaNbQmsJwsWkBpSC9XleWq4X0OmfSOT6WV/76C/Llz/6FLIYjfQzojuUcSJQVyeYlXw8ZLwDWbjVktZzRaQKUUEPXqlXeAAAWwIYEs16vqwUsa90ef1sqIiMGhaJuHH/rnOpiPpN6tcYaMRIgwJLlXCnKBJWT8VTG5orPen0ZoLQHALKzy8lm71gzXi7Udy3piIAK9osn1OPEeEfn7/AcQt3aGf8YL1rq6uMFZHxFjaGRZqZ5C7FnNKGa6cI91wDAKmkcxoXkFWO5D/Vl8oUksC0uZGFd5WDInpnp0yWnKhxtG0jVNylbkMbTMQmJErWQrJglTG/qaDMtDlQ7SWEnXdpqLf1+X+qNmvS7XTk7OJTf/fVfl5O792Xa71NwCqtWwuPtg3wfb1oFHGiXZq1s8R/ca5UWj8QwxALVCq0f6sj4DABShWRZMsCHDxwXiWkNzzUcoRBhTheN38EFj8YTWkTQODPKuqbSH4xkOJkBgB9Ww2LXVclas3IubrRaZQRJSh947JhNMszp5NxMFoTphYpJTKQp/PeuArFYX91w2gTm7iyAOsaWAGIZoCOZbaQ26s502Qo8flhcqMlLJLNdjaPqG+UTvebsRHessiTihwstYshX9LxkWlT1goYkxISr6qa1VUI/F2Q4HLJMtpxO5bN/8ifymT/4Q5medWRFadVSZpMJSeUStZJoSEKZVbNsJCdIPMj7gd4qVQhA3Giga+A+kbgAPPwe1ahQfoMFVLCh34NSOFrmpWbwyHhnc37tFtKvK1wzSnmz6VwGg5GMp3OZTBdS+MAHPmQ8IK5r2g5pELIMGTdhJF1V35b+85jxvGQoS7M4iFNXrM+TpXJTi6IXIbl4ePEgDM3p56zHg6U9Wkt9dgARSUsdATTpGktSXGVDoUPZaBwXQGhpj9SMWUlcMI8dVURrAlmziKlbdgvp7/lJN5n+PgtAvn87wQq82OwFF4eLjIz31z72z+XhW2/JrD+Q2XAos/mUXB7Uzsho12sVECAGBKgIrFKJSQdoF0joAUDEfbB0uOEAOrhhd8UApxsl0DcEGGkZpeHwOJDe4CaZ2MDd8280WQXpbJaIAEWWDEu+WKyl8MEPfhgl0Jjlhi60CAu6NBda2snSaoc/bwqCpLsuIXSj9Yywje48H3BnH+NxKOuzxjWGpnMch0mgLI2JmbXdJCpVhyvVdk8ntbWMp9wh6Rp8bRSO16JJ+7CspwlMqWS0ThA/6EUjyW3xkN88DsDQv2JvK8S5XkUy3i++60Tc4cVfU6PjxoWLQyXjtS99ST71278jw9NT9vtOxiNmvLRO66UsZmoRAQrUcehaWQlBj4bGeqBV+LOSgpFxMrwG4z2t19MFk0tUUHmfL4FoUjdYQSqicbMDlOAUDYDOACzQxI7qSLlMAKLGXPjQh1AL1gwskwAkLsQZe49d3Np5yS1r9ZJsju4cd4cWprMJSVYt4nFQ1q46MGN26Rh03o20mUkmPJZQk+7vRxUjTvFov7FaewcXYkO6Xq+01OpMYryeTBGEqbNdve1qbXwPpp9qb1pK7+iDe9ImqrTpnrFYQntpVu/eJWa8PMbkZCBz9esEQKGV8jd+5VflrZe/go4iGQ4GjL8YnyFWnE9lvZhLBU25ZpVA2TjHRzDC8iE+xvEDuAg9YP0IQAUdNIsOPILSLKACVLNfqKU0DWQFQcFasfaLYASYalCDCKArmT6Swoc/rGKEWLHQ77KBdIz9/ZywjmcBaAqa0FscniM7soLuEGy8spjnXudiAJ77afi7NOlxu0Gi2wSx6V/6DcB3G991EDUoAFXsQOoGMSLlXhoXhqoK+UQdV+E/D5WWAEBcIOMTE8sIcpvnllG7mgg9rsgu+A0dXDbVI0pU4yqC07v35pvyv/3cz0txMpMZpe9zgkvQWoES3HLOioaX4ColqFuqBBuailDdQKIA8pm8H7rj4H4RH7OfFwmaAc6sIcFtgGSDuY1sYX8vwa+lWbpn9ABDcOtVMTZQwuio58R7RDtA4cMfjrXgiy5WBGLqWr3xKrY3ZiES4zm/+/33vPmDO08srx1UAIlJvtz9Zi9K5N7i81pDUZgHY3Nckq64TIbOgr5TOHpMdLXMnqtMWFhX9hp0pWaiWHXFdNGIC73kZ6U+7WGJFRXnE90DeMKiglntgyYITRhIjtMrIe6yiU3LasG/Lhfyf//yr8hrX/ySzEcjmQwHBBUEwrB8zIKLsIKIybR1FvQIaBUAC0BF/KfktNaGAcIawacUDACGBqQSgMRkw6wrwGgzX2hZUalaLkjHkDFgQUET2QIAyNwENJAWwwFKClY4Z2auAExd45Msxjn9W6odTyxoOkVBLWl+zkuMFzOBt/mbLABD71jouo+AM/m884rmsDLvJcjDsgQxrZ8FlCk36aU+XBElrAFATUigR9SSn0nALJPWqotaSLWIVvJLOv1cgeOgS7WJaEfVOrqmlyF8SNsbmEtBqT4jf4de30/+q9+Ucacjs/FYG4nYQrGQAi0glC4T7dFhGQ6WD2W0OkHG2K+iyhh8jcQC7hlgAt/HBAQJSxnnQSVzntkigqH7NU5RpbvKayJW9MqQg8+1f4wVaX3U25KvRBvHSx9SGibNgPMuwK2ggwvfo8jMn7M0pF/n66Dn3XiWsnFQa7Ya6RfFsz82TbdjbZjxqEmneAFNlZMCnrVklJ6SVkwHHOkmazhSlxx5OqcFtAPPGqhw4eiWjU+kHEzBR4EsXZaLY1X0oDyiCh0od0spHI8ZzQpqj7T2Pzv2ggBYgytZL6dy+PCefPqTvy9vv/oaEw8ABkmJoG1iNpXFbMLkA0RwoFVKJamVKwbAKgGJRnECkeDU5AIsh1pBZMvIbpWKYdULJDVBqtYNyhnKx4wuQmzrtIxeGyF42bLrvdDIzjEtC20d7C1fS+G/fekHeL6Dhs9MTBovpV+7BQo0tDeiO40S+kCi1clb2LSGHBIbI74j+MH1xVbJNE4NrtQG9fD5E5qINWk/0IwyJxcoMHaJhLlSqRqOMThIhAOIdxkXeu8K1Tj1KJINKhxk1Sp4UPGDWkZXZ7MJP/Q346Jpx5/yjJpJe13eAYirs1zNZD4eyr03XpfP/9mfyuHdB1JcrUh9wNXOIX+aTViCQ/kNSQbbJM0i19GVxopQjSU3T0ho6Ugh6Sg1/o0BkJRLwvcBjE6/4Hdw4RQ12AXFpQ/qIaNqqPsMI1UUsH7DMyYEAHGiAcCUwzrP5+UTAf3eAaRPCl12qmPzwDpygVkwKkwYE0ZiL1GTKBI8DkzDAOUhY1Uk42RtAgN8R3ZMR6w1u8qGYM60YMb4leeAskRV9RJYsAIAFyoEiBWthcD1iNAmxt6VOO1BNYnqokt2oZElaw1aP/tUCBW/ah1dawLoSBvI2eFjufvaa/KFz/1bWYwnMscHLd5MpqOhzKcTejjPDXGx61CSF8H5VaXRaEqNCQioF82IPZtlEuIENI4vSTgcF8oTKslM123lOLpgF6yAcWD1SHGAbBo3gb+XSN0lFjDfbpiCykGY3M0iAAAgAElEQVTmqL0Ihv54dtHaCzutkv3sPSTZZ7nQBQdTmy3HBWtsqhOfMRCqJWwC1+lN4ZiTxCcfFthtxE9x9Ib+FN8HC2kCWWb+sGLguVCgZ60ZNWZYQ82O3SWzjTRpL1XqJsrC1DJ6P7RykZSKedmPCQliu5lMJwPpHO7LZz/1R3L04KFM+kOZjseyhv5uNCAAASJoAGnJMA6j1eLNy5ukXJF2e4MtsCCaPfsNxLLxezhrHhe6i+X3zO7hfjUehHv2aofHd2oNjUFJABj0Bdamq3jR8S6FH/gBdcFP/pet+T4RgKgnm8I3BZ2/GFNykpYXqznPizzd+p135X5TXAwmtZihbGfEuauz0xtKv0ackr4ra0i3sRw4T07CqxjAwlNLGsiZIVEJ1ZUsCCmQLaOt1PWJiBNt4oP1PLP32Tv/KnUt+Zk7WyyQUIxl2D+Towf35bOf+mMZnXZkOhrLfDLl+Iv5BECcyhBj1kClVEqysdGmZ6EUDWKDWl02N7dUHQQiGtm+ZbuaWJjFMgErLJ1XOihGyCQj6pr5N6iymNJcpftKsWmtXD2gixWUdkuMEAD40kuxKeliKxcBGCxdZkKpDyEKJitRzBjoMm5ZO6Uy/9yTJskCW2IS5cyTgB/EtMl43tSCa+alJ8LjumxMm05vdT5O47/AFVrdmT+zZ3LOkS7FKiykcKhNVBA6uU2r6A1VzKojfYOf86Nal1q9KeUqCPAKLQSy3tl0JPPpSGajoXzx85+XWy+/IvPhWBZTSK4w3WBICzge9nT2iolGeWPQaqHCgVktW9JotiwxQlJSZiLicV6pbCPVOChKTxktHCT6rpAJImQtv6lYHbykzfixbNkB6GDTiqiWEr3qFkIxADATD51rhs6OwA2BeSk2TesEKsuK7SDziUeYkJAzdecz7gjQyNsxcc8ojWlJc0punzqQASAZDiO+bcLV+bDCrWzkF2MMnFRhciOKKVKxm0RtI/kInRbA7j0Vx3r2TH7RLKX3ruiECE1o6vWmVOst/v1iDus2ksV0LON+X+7eektuvvqqjDo9mY8mBOCw16MkazoZkqermsAA/b86n6UozWZbNtqb0mi2VZCBG4SjMYqMA5lMcGCUt+C4RMsEBQSgJibqekG1aDbLSgmHh2pxgS47UchHAFrRIeQZluDh2rgFTK1fyEyD9i/bpM2uuFDq0gNnuh3eSCrStCgraUCKRaYI3BB0IwD3KkVGO+h3kCU0sJC5doDQr5yYS6XYFIA+biPfpxHjwPME90WWlwS23s/GJ9q8mMxgIW0fAI+ID4LPlNrOHXIUCQDKuFEBiK9x/mH5MLtlNZ/LycGBvPXaG9I5OpFRfyDLyUwmo5GcnZzIcNAjSU0Akr/TCQSw3q32hrRabcZ+AKB2DarYAGIEuFWv+bqjUDoGDUoKTG9gCgBE7MtB45YRG/GsPKGNy8tNnnBRAo2UDTUg/47HpQAMTjQJipwsdoDwtNNIpbVjTT6ilfML6dwe4Z3NbhNBZrRIiYAzaYu8iAaisUkUyin4sjeQU4rugmNW7TErj45eOrrgNKvm8yVqbbWOyfT9bBCp0n7TL1Kij8zR3TP1iMYl+uQH6BbhgiGatfEVaBxHfbff6crRo33pn5xJ76wrM2S+kym74XqdU+UA10tSIkwM+D50gBAy4I2tTWlvbFrygeqN9nYAgIgVKSww0KnggPqqkMi4haOKxoSqOF9BKUNhrn6EYeRpVswuRFhYmzNEak3nRvKzJyGpKwykLEV3CqKMq3T1jMvTw+zmfA3ZLUVUzmgZzqxHLhCMQFMg+JzBJwEwdfNBbGBBcDrdQbEcmkQNPG6ZTeoeKikWe7qNM96AkMv0zcRzEjlIv/EKnJ/D17TXJjLgqrx9wONEWkYFHz7gIgF3KEsgXeqensnRowM5OTiS6WDESQfdszM5PT6mmwYAUddFNszbZAVRgSpbNre22L+7vbOrShfjJlWSBT2gJRI2JkO75tSluvrFKx7sG4H1s2tPABr4OJnMeD+dDqa3r3KI3g9jFBi9sQkrFICahAQaw259zTBdDJn2LujF1KxWS42aZscO/zTG0usYqxwpyPxrtygxdtMyWwowmwyc4R3T3/NvM2RglL07sevT/j3zjXGeWrQU6BkS2qwZQozUkqcxqmf3mdq1DXTXY7NkjefVZtXgIsIdMjaDFUR8pv0oZGaXK5lPZrJ//5EMOj3pnXblcP+Q4JtNxgIJvLpIVUz71Apkwhg22cA4tvYGExCON7E6tZLQqM4ia1VXyw92Auq0BLhgr2yoOAHZtVIxtHRe8+VcQFeHO3hjTEkcubu1/ELvSR2AVXjpJRWkeu9tPkXVBMMsWQAn0JzWdP3KR0uXoUjir7M2z1lJO4AoB4uuMMRaXp5IXKHfOOHvEgtFCZZZtTwwg2wr7zpzxHpw86EVwEOJzNuwzrfEfSc6P3/rmMEdLajetOx9tsGOOgNR67GcCEG3iB7elZwenkjn+ExODo+lc3Imw36fsR/cLoDHFQjMQCGBX3J8GuY0Iwbd2NiSre3d6N5dkFrW3t+gcDaLhu8BPu0lRnZrHxAsWNznblmTD5uAmsj3Iv2i6xysUKXTKcxqoW7Nm/mlH/hgCNRCTJQAzU+1A8pNcF52lVq61AKq+iH5x0meubkzfuEzVigSyWoxzsu60mw3vIJffBsdx4qvWcdocbW3wmO7NCDQ8xMtYkg3lEsItc30LfHE5pqM/OaIVZzUE2i2rCpvBa66PYDS6vKUUq1kNV/KeDCS/Qf7crR/yMRk0Ovx8To2Q+u0HJeM1QiVimxubqhsq1KVvd3Lsrm1Qyvrg5tg6WABQcO4xcO5oBXkZAQFFUFocZ8Sz/q9WspYC9YGLWsKC/N+YqwHEKI3BK+h0xVAWOuE3cJLP/CBNFPQBMP3heQCbz6BcWp5/aCDLuM2LTPWgrTGfmynDNo3PaDM3wRhgMmrvLc2R9+cjwsd2F4eVM+vxssyZ3sOlNU0DPUmeHcAyhcqePTv3G2rZXIQZdsAHIB+Drz8F9166iH0NbR/GO/RAeiJi90AyAWWa5mOJnJ6dCIHjw9k1B/KqN8nPQMwIAbks9mYZMSDsHzNZoPXEBnw5tYuAVhrNFT+xaakEieUKr1iLtXaNvEzWEZaQaqCNL5jwuLEtUbRJlT1zFetIc6piw8UR5iapaVFj8YUQrpdofDhl95POVamRpfpgIvz1jxzYcktpNrRe2fcbgDvedbZrYwCOpuUZIGVWssLCOwgCdNj9IoFKReqoK2mGs2j0TFpyJG13emGpPQ3rBgnN19q5bX53Okhd9PmkpMZOfEYbauUK3r88qg80f4VZIbppN2eHB0cMQMeD4YyhvKZe9dmvEvQBacTE6A6L8j21oaKV9ED3GxJe2NLdnYvkYbB6BG8Pw6HpB5QZ8GQ0zMLqMmJgZAFYbN6VvlgLdh6QZiwWAYc9Y5JG69VxjSmNcNgWbAnIjkA+rouIw6JylgSixdA7QRfNLDbemeH8W0GUM9OzxPO8UT73ZF1V9FyxWPIlvGotvXLtXYKx6RhwdL6rGd1tGlzU+bW8BgmGzBEi+irwoIV9IzfTzjUO5ytlUyMyCZGOAeQLcV/OhNR12nhb+F2Me5MRRCT8UR6nZ50TjvS7XRlMhyx7AZuEDVigo8zWBbM8THVChkxe0AgB0MFZGtHLl2+Ko0m3LLGYHC1qIQghvRyGkt4+BlkWNAH4u/LaGvC4EnTCJK20aoGLCTLc+aW8b6JBy+5Kq/l+iJLHqN4haEDohpYQJ4Qnjl8aWYzuK00uNZTR0vny1X8+yTUS13quesZHu9u0WuvsUaYt4JPAiCem9J7I4bTrFpdqLn9HAmt/cUx3cpYc6ddzq1zMHtocaDGwupCNUa13zPWSW+er/W1hRkGak2c9Dmnk5kM+gPpnnal3+3LeDhi5rvEvD8M9plOwuw/3U6kkw18OyUAiA7A3UtXaAHrjXbYOqWjODTO8yFFngVzBIcB0EtxKC2mShhqA5MEhS4XrpYWMQmpXCtKSkYVMZr3qUqbAHUAakzili/GRCkYMomIO/QMUCNAYzyk+HZLmLqurBu7qArhqNaLnKkh+0U2GiiyfL5QJgGgxZU0LFY+SzPjiwCYHr8T7DyA4CNNOk9FszMF+gLxPOUSsNT2JUDnJbHKEpX3a+GONrjdfqcvM3a8jal4WWPsxmQkE4CR1lJne5Nctr5eWEYcQ6PVkt29ywRhFoComCCZMNGpuV2W2tADjCZ1JhtGsbgbNsWzawGVxFaimSA0PpDxst/ANrBdmQqfaZ0A8EMf/j7FZIj7NMC86KJ4rKigjNze1wJV3vUGx5vGkBeAOHVT+vz6BvT5YhLgd1zgMf0uK2BPrQb6OmswrlxwEKbWOXPn5t5fvHkAwHiTqUJcM3SzfwGATl9FcNpDvCJgd0A64FLPL+b6LaVH4M1l0O3LsNeX8WgoKyidx0NmwiSqMeTR4ixvuYQSmhnyek3xwZWr12Xv8jWp1VvaNopRJKB8SMdEADIeNEChmcnLcAAqLBsI9CjFsuzZ6sOU4pvl8+fAteIA0hCWKFeok84yFvD7117bVS4pO1AoBaKf1GgRnuxe8q73a1mZfEZ73oVHSxgutF/PBMi8kQhA7TjD56BowVJFy4rjAPIIptRCq8V2oj3brpqqyfIEOt9jyLqN5km4RhXdZkuSzlV6MobrM+gP2TM7Ho5l3BtKh1PuZ9z9htFrkGBxAhXH4yrdAQEC3Nocjem2OhXc4tVrT8nlq09JpdoIe1cQh7rmD8MpGdOxYKF6vkBOE4g6FYsjkyHRtyFFeB/KE2p2jD9U5bOKU/F+eFP7yoqEGyXeuF1LpKAWUK0KkO6ps1MIEQx+sfLltiwIUwtHy5UjjkmypkRtDkB5t5yqUrJAddfuk9cNmoF60Sme0ey7+w36gXCPXHQDON+ZD0GCa3Z5kcnGeA5JFWbdbjx+jbE1zEn/xU1PEKKOhlPGtNjDhqTj7OiIIzhQ9eicnlJwyo4yS1a4fqHZoLIFwOTNY8eAG+6FF98pl69ek1JZG6q0HIcVqggXMMQIzeIzzg3k/r/FnMDAaDYmKxTUwsKvCEDMCkQvMcClGwqwLsPoF3bFqeXDzwB0bAbxUl00ELHHufDBD32v0qGWhKg3VNflZTb/mVoGDzL9To7JRNq0RK7LekUzLjpxt39TXJi3onkrlVrKFCiqbNbxuKahCfRLGgf6caXJi3+dFVbk+kMSFx34LarBNbZWQtmy2fybCLo4A6pN+sKl46QAKdP1QojQPT2VSb/PPl8MIkIciMn0mL0MF4zzDdcLsCwWOo4X5DVaLweDActwL774TtkgEd3SUcbWjLRewJp22D+MWYK+hgMJDj50bZtaOahnQL8gQamggkIxa0VaG21ptdtSxUg8m1yLOrQKbtXVA4D4mSpl1LtyGyu5uJUU3v+B/4ajOVQek+WhAreV6P0UgHpBnN9JyV6NaSK3fVESk7/wqdVM66t5a5oBci6xycaCSSIiuhrAmA2b6B6tUGqN0wqNx7kaPJuSwyiWNN7U3zuDEL2Bu0YNCbLEdZJ/axZtm0SxQRzrEEA4Q/E8wayX0ZDgGw2HbEDCXBUdgbvg+d9oNVmZwExmd2s+OLzZass73/m3pL25LZV6i8JU9O+ul1hSfWZj27TNkuIDWwyODjvEksOBTtvibkB2xZW4T4QzZdBb3KjL1s4OgQgQYmot9Yacw6jTIjiHhm0GytPimFEI8A2the9//39tE1JzADReLVx078HIBejO4YQLlmjB9G/TSkSqE0ykV5ZkpAF7ELjmXHTe6qWxpQOW3sQ/0HqAMT3c3EMo2RYkDym0AuHuwQHFY7HQJJtIJOBNyXZ3rYw//TGBpQzPr/4l+QfJPxYA2tjb6WQqy+lCFpBcnZ7KgJZvxIlYcLvYTuRrc2GJNlstThjAygQcu+/yA7DRE/IOAnBLao0268Fw5cNeV6rFtbThTtmghKUyau0amBOIWBKC16FKwgBuTsRHrzHUN1WdktpoNmgB21sbBCNnCjbRulrWXS/MpBWAUS+omTB2i5A3/b7vVwDqzBRVQugJj9OY8L1bgnjHZ4EVrVVqBbQE5yC8KBFRS+orEDx+iv0lqdVLwecWz/m36Eb5FwGAwfppD4zNGFQQ8H2R04xhhIONvytpKU6bq13UaspsSy70PaWw8lJe2FYYyo9uCfmZ/KUqXjzDx4o01/tB+YKaLyofyIABvgEy4ZXIbDqjNcI+N1gt34SEt4HJWX6NNjY35cUX38FqCOT+uMa9bod/u7u1Je1GQycj2Axp1Id1f50uq4QcDIAfDkfcCzcejTjCF8cMt4qGLMwPRAxarVeljsmp9arU8HVD3b32n1SU9jE1EUIF3CiYqFp4/wcQA+qFcVmNUl06iiPvlpxycDfsoArgsM73NHlRAHvZLev+FGBxAoICOd/gFK2Vv975WDTcAjYQCWZeN/R4Ngxa5iICGvHX+T0piZA17Q/x7fA+jCdss7TaZuIhoqv2m0JLhE5ZsISGkbblKq00LBnc7rDbp/QK31MVvVpyZRamzWPQI5KUjXaT8d8AP4c1sY2lPggK52dra1uee/4F2YAFrDW4+xeWbm9nWxrVGpvVyQXCcll8h30+2vinlAk8B9z+oD+SXh8Wsc9QgPkB6spsugLpjZ7jqjSaNYIP32O0B14HFpP9x6a+4SSt+UwB+MEPvl8rQWFokFktcz/umhRQaimCFTRnksZftHY21iu1im4J/Wcp/6XPlydtz/OMKdgDABNlDX6vgIsuOAz2xrZ4s+rqXhX0Lil6knUmP+BPGNZH6IJuvUDRysdYMe5ZdvFtjJM1HoRF8wPFeA7cJMP+QCYD0C5wvT2OYGu2Glw0PZnOZDqe8vXQ8YZZMJiUiq3kfC4RAoOVEOxtK5dlb++SPPfcC9JqbzI2w/pVSLUaEMHCNSKTpbZvze1ISDB8+BCplWAM8NwLgh8ghkXEsHFs0MS0fFq6WkUajRqtISxhs1WTBgaaw0LCKprwAYYIAESMiR131ANqP6+Xk/QEOZkZXVuMZ6LbiXXPFJTOoflkJOWEYv+HasK8IT07kT8Nj/y1I5A9FLBhQraLLHXT0N0pB2iJB5Yt2poHjf9MhYKNP2a9vJ3AbzJ+tooJCWxzt55QuGfIUCx2sXIRniY9Vh3xC6oVDHicshHXRZbe+t2e9E877PvA8HHEZoPhQPqDgSA2VBK5xIsMMHR7PZnOdB0qBwRRzq/XCYC7dOmKPPvs84JkBPEfrDysFCx+BTVhigrWlnxo3ZbvkbNbliS6UXHB+dC/rdnErwIBiImn2KQZNqXXa4w7mw2osVvSbtWk3axJE+DESGDSOTrfENZv0BtI4R/+oE5GUH5OT1FUZGSzuhQIerGy2S6tUhK4O20S4sBk7rTzg/kkwr+PQ44iJD0WTT/zt7mylur29Nh057GOHkk4YW78ScOJbCiRjUVDPGwXxr1CCkz9WRjbGkW8Ju1SS6yz8/xrALBSrnHSPKT2xweHMh2NaP1mHC65ZsYL+mW50OnzsHBYe4BNlfiA9aMy2sQEGACpmWiNFvDGM89Jq7WhamtI9TEqhKIIXcvlY9/QQgBAYSvmeDqjhArCAhwrhlgyhIKbx3qvosj29haBOZnNOAMaO0Hwuu12SzY2W7Kz05ad7ZZsNKuy0dI9IxoCYoTwlFn9oDOQwg995B8yCVFXo2oOZ+vToD9PJ/gFc+I6BPRObxmgY1YZCWzfEeeWK8/vpUDPW78YAzqhHdUlfiPRQoWRturpsuU3b5D358iCPKyR9kQsVFhoG/hgz0T9vDgos1yo3ggOOJ7nEFfrxkns2gD9cnJ0TOCN4YZHIwIQFgeggChBhQO6mQgZ6Vm3x4sPS6U8G8akLfkYFSI0ZXd3T5597gVpNFraCMX6L8hhkRJHkmBCFTi/lRzsH0m3P5Bac1Pmq7UMRmPpDfphIj+OZavdkhtXL8l2uylnx4eyt7tD2f9wPKElhOfZ2NqQ7e0N2d1ty5VLW7Kz0ZCtzSaXZFOEukBci5usLz0A8Ed+5IcVgHbRXDwaJVIKHLzRNGONlstqszmSOma/2cpJAJD3B1xQSosJxsXWj3ylEeIeP6YZpjkRu6nc8sWhmAp8FTd4LJqPAYMF9S1NVofWGFNjP1dIR9ccrawnaenvYmCvcingG9YPFwT13n6nw8+wDqwxQ5QwhPgUimIlnxEn4vbq9PohpnWPhRFsABneC2bAXL58VW7ceJaEtM6m0QwXlgwbUAor7AuZycPHhzJfFWRZKMnDw2M5OjmjFcR7BbeH94CEZm97Sw4fPZAXblyTZy/vyBpTWNEhV63LZL7iIsJGE6+7K5d223L96q5cv7wlW+0G40EUTDDlAdk0at37j4+l8KM/+qMW3Kn/h/6LF9eL5XAZkGhY0O2rq2LcZSUxozPUPap8PcSCGasYS3Fp4pG63jTDdQuq4E/XI0QaJdONZFfDR8V5ogCX6zGY92bwPRgJfJHVdaumv7Okw/y4x3FASXgNX9lC+ZeXm+xVvYHdFlnjp6BTCMDBUKbDgRw+3pcRvp5gxZaui4AmEM+P3XCIm2DKR9hIORxpY77VrZVrs8QKk0/rddlDDPjM8xSmoheZ7t8qHxUsmZnNSa8cHJ/JaLaSe4/2uW4V8q2T0w7VNHiNs86ZtJu6M269mMjff993yun9O7JRx8CjOpOR6aoo0/mS1NWVyzty9dKWPH11V65e2pTdzaYCsFyQ5VwBeHrSlUcPD6TwYz/23xNBuic3NnF7zquRnjbP0Mr49E6jVZzV5QorfiS8X+iGskuY1IFjghFJYP9Zyh1G4YMC1+kcrdrYzzxp0DBaLZ+vzFrqeqt8QuNN7d7D6zdUSi8xhgwWUN+DyvmjW8X7p4tN+oRDbBhWKyiA9cBUL4i/mIwgLl1SbNA7QcPRicyx5GWGKoeS0yi7HR4eMiFx0DP2MyWO9ld4U7hWM/BeG60NuXLlqjz99DM6FYEzYop0gRhgiUU2oFcOj0/lwf6RPDo4lnWhJNeuXpXnX3hR7j14JP3hUGpYYI2SH5KYInSAS/mv/sv/Qm69+qq88eqrzHKfee456U8X0h2MmBzt7WzJ9cub8sy1Pbl2Wd1wvaZN86uFktrd3lAODo+l8OM//hMsBNO1hN5Zc0325nDeeD8zbtDRDelMFloKA0QKilAFsd2/8SI78WuDbApKRAfO0WiclMB2C6UrV2NZJ/avRBqHdxSHFuhgbAdEAGEi5aflDVvhYyLmr3cuxvNM0Ups/D2rLdH9Mg6ExTTVB2sxyb5h7eFQACLj7Z6cSOfwkKM2cHF08gII5rEcHx8HLSVoFgT64AShjQIfiBseiQlI7Ti9oELQXb5yTa5ff5oxYLla1+dZLdhTMhn2ZUDrdyoHRydSKtc4vu2pq1dla2uLy6dHmLrPMW3YroSEoia7Ww25vLvNWPXBvfvy9u235JnnX5Dda0/LSacnZ2dd2d5oKfgubciVnZZstmvSalQpgFgtMWxpxkU1Z92+FD76Ez+9hk6MqXzIa+PSPAIjuCA9cTr5PZbVHDjUQoR+UrWd+YuezTbdMp3vO9E4T2kXt0Jx1K3SRHzugLtYzQgJQQIKPw6vgOAxwdKagiSfdGVA6KuygrraE4xI04SJHR7UEIA6JlfjbI2X+bFassGoe3wix/v7Mun3ZNDrM+nA+8TkA1i+5XpNagPLZ/APM2VQluMeXqhNyDxooxGeV/e5YR9KS65ee1ouXb5uANT5zziG+WzKmTJIbrAw0Ce5spkejU11WKwaSW6oXy7vbUu7VZcru9tSWmsjPIZ1whwNxhM57vSk0GjLaacvJ0ensre1KVf2NuTa3obsbTdkswkuEBURLEqcsbSI1V1IXgof/al/yuFECi29k0OsZB1bCkKrTnAAos1ysEe6Bi4G9Of5QQVLtuTlVIzHWE6G80h8WI4X+01nppqzOIfEOaO8S6f7dC7QxQC+0sGOw4cqhvl2yfE5wRyTCKdyIsmsQLfzFghw/MA69nkuLbSxG8W3mKO3Yzroy+HDR3J6eCgjWD+MXMPK+8FADvb3eeMxey2XWRVByyXeE2iPWE1RK69FfxDCmgUj8bh85bpcunTdpm7pWA6cJ1ROAGjEoCC4Qd1w7y/Cg8Wccn0S9HDltQq3p7cNRKgh0yBgKyZWcEBCNl/JZCly2u3LermWnY22bG825Oruhmy1K7LdrhGAELoWZMkbAPHscDyWwkf/h18k4jRusow3DP52KLr7dXGB24b42V1vsIxp4pEbaZFm0LF5PCYnjtXUyrr7BuVA4Cbd9v47tTBOJMX+XnfJgUqHlU5BnPSpZK2VC1yVvKbVKWI/LqoYCj7XTS4xSJLxoopS9TfJzVxca/yIi4xKAGa/dM7k3q1bMuz0ZDGds8fj7PRE+r0eQYh/oDk4hnexYGIxGo9lBimWx+2cuFiUZrXKec/lii6JAfkMOf7ly09RDa0j4zCFVQcqIfnRdatTZsKz6ZhWGTvmYEs59d5mQderZfJ4XGRN+X1RCuUqwTdbFaQ/nnIhNUqFzRoqIMr9Xd5FAlKTjQYGomPLZkVpn/mM9W28buGj//SfBccQ4qbEEsT4KXtSffB3SqtE96qAVoHrRRMUrJxHQ+fyf3RY6SpWtWbn2wLwxnXRi5f7vE/kfD+JGqGoSnYQesznN4wrwAML71bdWflwjxmBHGJhg5iBXiswVKCbwEGrCfG9IFa0hYMYvdY7k5PHj+XxnTvYZUX1c7/XldPjI+l2uzKDtJ5bLGsEPD4ajYZ0e/jdQhbMrPScwSdsNJqceo8FMah2AHBXrlyX3d1r7IiDQIAyKd98vlwT2PgAf4i50nCPULvormGbjG8bNKk7BBChlsHdX6rIbLmW8WIlw/GMG5DorBYAACAASURBVNOZ/HDzUplg291qyt5WU9r1stQraJqC0mbJrj7Ms55OJ1L48Z/9v9bIGHVMRNJQE4M/S+C86qEdcf4vtVIh6UhU0Nnfx0QhENSJ9VGzkdI0qhrBvyhdj79XEHlbpB9VPM40qfLj9TjIVTBOgqfxZD5j5t+G0pzXhqP1pxsuxGkLHpr6mgQqoQUXecH3sZiMZdw9kfu3bkr36FjWsHCzmRw8fizHJ0cUk0LNrbP8KnS/OE5ksiy/zRcCXQXiQ9xksFZXtrfZaonecIgAAEIkIZf2nmJDEjrkUK9lI7p1NTpJToGo1gypEYSFxnvQAUQ655nWECOFMeUAdfVVQaYA33RKGga1dbQA6JalAl0uko+tVlV2NhvSrEHqVdY1Elw3MWcFp/BjP/fLKh62bn13Zz5qIgAtacahdbKLEgJ3c4n+92lA7wF4/sLmrREdaKZt1ikd/RzdvJPbiYomo2VIFuhooGnYjg8KK7MusHje25wPAc6V3jKRCOsKavmtNwT12dBbYmM04P7GvTM5fXhXDu7dody+d3oqm+22vPrKV7iMGuQzTgSnrJZKzIwBRBxPbzBkBQQLyQFACg+KRbm+t6utlpSRCYUBV68iBnyaFhDWU5cQ6jwYn4iAA3YvAAvNPW+c54IpWyFAoufRXXAFimbnmNowX8oE1hhUFwGI8p2WY7EOFmW4ve2mbDTK0m5gJmFBwY2MYw0gzqXwj3/+42uf9+dTPhUYGl1zloebgJAPp9WNaHFibThe6PQi0iXaiAv3cD67xRfaOYDz1lCPKb5ujDX1tdJyXgS6W3QLDRPZVzpNNX3NbGKUVzg7kCO1k2bVTFiM1gEtAn6G8/YEW4Fg/TTIH50dyYObX5VpryO9MyiTdZDSzTfeoLYPFIWP7sXCaW4hL0N2v+Cq+zGW/iGOMwACNNf39qSG7Z0UIlSk3qjIzs6uPPUUiOgNluYgYEVfBzPlsm4/wqTUEFdbYAtA43bydktK/blYRshNwt1OZ0t+zJE4gwvFKbbReNr4XpS97bZstyrSblakCbVNac1EB+ADO8DZNh/5+U9oKc56ghPHEt2sr81KXG90wfpVavFSwxDjQksOwlTT+Kj0MWnolU5A9eePteWoL8xYqjTTzimyrfHliS2nBHJyAF+7Rh1SGr09k3k6/s6oULHVVJRKIdQZD+TkwR05ufeWjM7QZDQm5dE5PZP79+/L2VlH5gsQv5jlAgpKAdioNWQym8pgOJIJ4ra1BAACWNd396RsEjO4zkazagB8jmN6AUCQ2XTP1RIpEUix2P9rRQQdMKmDh3S6gqqYAD4cAwQHiwXUzCuCb7ZY0xLiY2V6Ar1ZitKqVWSzWZOdzTpjwFYD2kMkYDpQSQG4lMIP/k8fZ09IGKSYyswJOLvrc+BL3Wl+nkr6u3Ou2KypB+deyw2u2/KKc7HjBVUUWBznJAPn6HuCg7WMNwgbrZIJXGmyE0p93gCfE9CGzDaTnCSjSJLQwR+C4N7mUvICVmQhs86hHLx9Uw7fviXTQY8ZLI6j2zmThw8fSafTY4wFBTOzZrhFExhAzwcKBi54uS6wLZNVimpFru3sEoAQFkCf12rVZHt7W27cgBwLLripi2oIQAwoNxEq5zyDxtEeYfaH2LmjuseSOYAPHzi2+QIqnaVM5yuZApSIR7FLBepuEc6d2YAWsFpkDAj3C0lWuYhEDF13xo8ibPtHP/cJxoCBIA2GySXlMeFQ7EQ35A9NAZgC7qIMOL3oGpwns1USekXdauByAuGcWsDzMaSOCuaKrtx6WAW4zd4LiYuT2ZZ522hdBWrWraeiheB2g9XLhiHhfZu6iBo9uNn5WE7u3ZTuo7ty+vC+LCcT1mlBvxzsP5aD/UM56/QYT6GPAxcUqhjQL3hOUDAAH9beo/CvMwd1zMbVnV1ZAyRz1QUi49zZ2ZHnnn+RglSM661ySDoy0rI0MHASU/VtJBssIqT6oGJYWbEEx9U9yLy5NntdlPF0IdPZSiawgrCMa5EZgDlfkILaatZlq1mVVq0k7UZZmnUooyEFA5oXTEIgfEXmXfhHv/CJBGGRt1K/mvve6pkhTmLyEntHHBzhYptrcuuWjdNiFSTNZFP6xbNqDQ+ys2MUYLEcpeS1rQfNZdZZKxyzZj2ubPiQPZYojmQEarXyrFYxrqoKVjvcu1pbgvoE8dZq1JX9my/L4OChnB0cSLNaowWD6PP44ED29/el1x9yRWyr2dYWzPlCms0mQyQIBxD0Qw+IWExLqGh0WcmLT99gljoaTVQ8Wi1TuPriO94pm1vbHIAOcQNqu6BTAAhaPWzMtJgNOj9f2xAJeNUxUnCxLtD60fLNVjIlDTOXyQLWEFZxLjUMxWxUZW8DIKwo+GpYEYv2Uew/wUZPTG9YsyJS+Mgv/poS0d5kk6uHRBCqvVMDbeJLjrvQr1PwOTnrbs2TkxgrptygK5OjZY0W1R6XkNo6JjcRF1j3XnD7vpA6V3kJLj4lyHOVGb9xMolTDqBp0uE3Bd9nJgtX2kizaQBkIZhAMDh6JN17b0r/8JH0Ts6k3WjKZDrmYx/euyuPHj2S6XxOoNTRw0ElzJrSKoAfAITLw4X2GYeIC0EcP3vtKbl66TKrG4jjFssZz9Pfete72DoJl46F1OjPABBgBQFASOU5MZ+b1rFZU8fwKqmu59+3oSP2myEDRjKyFJkuFIDD6VyGE1jfpTQqFdlu1WRvsy67Gw1p1jHat0iLDKk+3DzCClSCsFSx8MO/mFpAdcWMCRP5MJMU3+WWFPe9XJYv9isY8q46dVPnNYJucDO8nFsya3TK0yksR/HKR0GBL4AOw4dCR5/Hgnpo+RiTx2wTtTJhRALAi47Nw5DUkuJnLBiy6LAksVtbL+Twzi2R/ok8vH2Lez5w5KgGYCza3dtv0w3Pl1rxKJcqBCAssm5SqsrJ6Rld72g8ZSQEsE6xFb0EHnBXrl+6wiagjXaLPRdQ0ly5fk129nYVgJWK1AFC9vUCeGopWeFA43lZp2XpfBetwTsWwGEi8RlOpsiPjYZZSX8ylc5gLLO5JhKtRl32tlrMfrcoQgB5jc2hqISofAsAxFLF8aAvhY/8wr8MpTiPA9ObOShU7IcRmAnhqy1S0WsnNVcXKDiA/ULTOjDm8yQn0izxokbFsmbqWeAoOeiWWYEYXDMRfQGxbSzxvxcAcRGSikyEerTArKOzRKevFRIj9rxgyeECKkwpTYfy8M3XROCG796RaqXGw0NdFM1H9+/clbPTU1msFuTs1qsCOUEFn67bOj09kxk642YA3kJmGNO2nEu5UJRLmztybRdq5Ta73pCIwG1j4fYmuuCabXKK9VJFZwPa4HH0AcOpICmJALRzmiwWZya8XslsgbhPLSFc8FlvLP3RVJZrqK0rLMEh+wX3t9mqSquJfhCdK6gUkM4vxPQFWsAf+tmPUYyAg1VIWeug8W4OhvOfsxZNXZNV58N6Aq255jNm/97/Jp8pR3fpVtSfI3J+/Bu76M4hKrgNtEkCkz5/nopJKaDUpUaXbs+XWwXmv/9aVhE0BieZzicyOHgkk7MjGZ8cysGD+xR9Qgk9GfVZmnpw966cnpzwJGKhoFIdM3J60OKhtwXx4QitmqjfEgioiCiHuNNsy7PXrsvu5qbsbG7QsqGnAzMNNncgnW9znAZiNADWR3QAgMgN4JZBzzg/SJ+HlQsorbDuvCTxDQs9gQB1tpDRdCFnvYks1piOpTNnkMcUVwtpVork//b20MGH/BwuXifzh6WG+PojP/t/0tmimM4gPtHluRGJDEySr4QF0xGanuFmwRoBmDaBRxWLu8Ys2PKg1DFoOUAmFtCBRF1ikIt5vGgZMOvTyPCyhHYe8A7E1OWnWXAag9IyJ7vzNFxR68u/QXfZsCenD+/Iqt+V7sFjOTk8kGeefV5Ojo9lDXnSYCB3b78lvW6X2zShZAEZDcsKK4rvJ+OZDNAzPJ4QhLCAAAMiNbjgeqEsL954Vp6+dEm2N9pSqajHmK9XsrEFC7jBHl6kAaCuuMyaTeO6Nw7WSVd9wQ2rBpAAtPG6eI8AO5ukoOLGAM3RXLrDmVRqSHB0h8hqNmFNGXElgLe705AmOUCrsNii6tViwXJh4SM/+3+sKZwMfjep8xoYMwG1WckIsjgBIAWgX5iLMlzPWHmhc8SvAy0N9pngpLKshGJJqRq/+CwJhcml9sbMInqylNI5DjidDhEDkJTKYR+wdbVlAZjPqh2AWqNFAjI8PZbOw7tSmAzldP8xx22gTgvVC+LD4/3H8vjeXRkNBlKtN7jZ6PjkhDcLBB3Y83F8fEbpFBqHQH2Q/iAAwYWWpLQqyHPXn5b3PPe8bDTq5NqKlZLMZSVNrOxqbzEJKa20xst9cUxAAETdsEkAgqAGCE1f6AwdLCDGf9D9zxYyJABnMp6uSHIXi8hu57TmuMMxngPWdKOpJDS+5utBRTOD4MEmyf7wz/7SmmJU3/uRMPqM/+iVI9XAqnEYS+HXK4JWVbrn1Snpjox8MpHtM7EpSSmV4oLOzGYmtWLBxatCVYWfoT/FhLPJ71LXmVo+taDnXztv+ZTqSSgk00xm3LwxA2wSn8+ld7gv/f0HMh90pX96IoN+T/Z2L9HigSM8PTyQh2/foh5QrVVLHu/v00LAssAFHx6dUISAWjCsH8pwSDJ0siqALrLb3pRvefd7ZLvdovq4UqvIAtPwGw1pt7d48UtrFSNgEirjwHLFVncpEV2jnhAA1CqIv38Q6ahJA4DgAYeTufQGE5nNIZhtymox5syZWzdvyfHxiVy/cUPe/Z53ySZiwCpiP5tBXSjJ/sPH8srLX1ElFAAIUC19RJsJDXwdaVirRKzlSOlgBmM8yAtpmXII9O02Cm7S/s6/z3ammRV6UqYauD4nmxN1tgM/UWwTGEkd2bPkNAnJktbaPK2/T7lKBagm+MYJJmqcEHuGMAE06lJWs5l0Dh7L9OxIuof7Mhn0ZToesQYLZTPolpPDfbn/1k0qYvYuX2W2CUkWbnRsPALx3On22QyOZiQAEMIuADCcU4hSiyW5cfWKvPsd75A2VMtV1F4AxBrnw9SxjalQUgGrjWmjkNV2x7ESUgH4MBHVd4SUZAn1DawuJnPNZpRf0f32xzIcTWVna0PW86GcnRzJ/uND6fYGsiqU5Pnnn5UXnrsu1RKa39ecRYPJD5jw8OjBY8rPCEByeT4f2lxs2IebiCoVNxeDMMRCifWLbpiRZThZeWuRgiF12bRwibs1RIRFd2rxIgAD2NI1rl7C8/KSueYYJ0ZrnY0x8xl3rg0hWbzsLZ46U1E5QYYGKJXNptI/OZJ550QO7t9BuUBG2HC5WrE7DNYLMeHjO28RsBip2+thDow2il+6dJnlObRJwvohBpxjupQNqdSRZyU2KfHr9VquXdqTZ69f030hInLpymXZ2txhzbm8xg4Q3X7k+9+4D9jm/9H9Jm7YlUEUrWJY0QTlwJn0hwpANBfBfTcqwtnVnF0DtrhS5dB0VkJqRakWRS5tb0m9UuVwI1R50IRf+JGf/5g1phOGobs/hmZpL0O0gqFKEfi+8/ObPZpya+JxXbzQdlEzddvoSvl35j6Du/TWw2AhcxYw525TcPM5uKwlyrw0i9VbK1vmOw9A5w/PZekGaifgVa6GwUMLWUwnMumeyeT0UB689aY0y2U5OT6idcKEgDk60x49kKMHd6RZrcjepctyCoWMzfzb3bkkDx/vk/9DszgACPeLj7DtidO2tFmLQ9JtXQZsOeq/3/Ufv0+uXVGOEFYStkaHkGP4ZJk3DAhpktBY9wr3jF1ynBujiSnGqaEch9cfjtHPsZT+cMoPALOwxpBLbGpSTSBnEZZEyuuZtKolfqAejKFFELXiGEE/Ff67//VXdDRHyH7drybJCEkuc7PBCvrvFTDn48IoItWre3GW622RAfA5MUFWoKqSnxDHBd7PrJj/rY9dS4AWkhojyWMsqHONg/XMWfAYRsQGqOj2fH404iotDWp3IagRXaUFAI67p4wBQUBv1OpydnJMgWjn7Iwlhf37d+Xk8T3Z3dpkbRjZLi44bhaICI6OT6WHTZnIQFGGMymWA5A3hEmhwtWza4oJWN/9vu+Sp65coVyeUntrR8BkVbhdHGtYXg03zI2eOqic74Ng1xLgaIKPhYwmSxlMQMlgLjVEETpyjWsfIHSooQRXJgCrhZWUVwvZ2mzJ9s4Gy4EYO8c1ED/2v3+cAKS7DG1d2eTC2fCMuMDw5xfS33im6dvir/D8ScmOLjAXC/Jb4jlaKH2QE9LZLekOhPSzJzi+AiyNO+PjbH+cN7s7+i9Q3Dgw1XrGxqpoBbNZME4L3RZmCrL1ciCzfkdGJ/ty+6uvym57Qx7cvSd7e3tycnQktWJBbt98XQZnR/L0tau0Jojtev2u7O5dYmsmwHfS6coM3CDk7EvE7MCuKmW8Ns2dbNYGoAJnrFuoyPu+8+/I808/zeGTBKB10zErxVoGKFhsezqtH2NBZMqAqg0qAvGNDHi+Vgs4W8l4viYhDUGqzmHUweOgcrAvB2qYVq0gpfVCxr2eXL60I1ev7XGEG16T0/V/7JeypTgHRZLXXhj3eeKQgjJLT9gzJdydXkR9umzmGx+r68CyHwSgUSS8wMkEgGz86O4bmrYIDN5cSVadSUByr3UuTMiFACk9lBcuhNcx5gDq3/GoL/NRT8bHB/LWq1+RvY1NuX3zTblx44Y8uHtHZsM+ienFdCjveseLsr9/QFBhItaVa1dlH3uCZ3M5QhluBSHoghYQpLADMA0JQkM+JFKYFVMsy3e8973yzuefp/gB4NOGI10+SMCBiEY/CWT3NqSygqwVZLYlkBjVi+NA1jucLmQyF5lQG6jHwiWLHA6L5nWRZq0g7XqJpTgQ05j+gHowALixAWkY2gOKUvjxX/q1XEt60iCezG/JJh/ZucduBfOEbABkUk8NsRZ7as6D1JOKvOwqk706SBOuL4LMY0JrcnKS+Jzqxdx2vsJxQQiQ3lg6UDtXSw6SMpXl4yLQraP3d9iT5WQo49MjefPlL8tGtSJ3bt2S5597jgBEfHj0+IEUVnN554svyr1791mzhYAVnW1nvZ6cdrskpqG7Q0aMfpA5GomSSoVfA4rjbRUsAn3EfN/6Td8sX/+ed0sDwyQJPreCOg+Q29PZ9yFSxRQruNFqgQDUqaZQPaseUJUwqn6hGhpA5/hjbYyH4hmLEJtVkQbiPmQnqyWXLsI1713eIgBRF+Ym9RSA2azVnap+jnGPihQvyoYvym6Da85duCDNMguUJgMAYZqlBqtjRfJgIak4Cc0qSYNSUceLJSR33qqeT4ieXImh1bWmbhe05t+rhwls8IF7obB1Kf3umaymI1mP+vLaF78gW7Wa3Hz1Fbl+7ZqcHR1I7+iAn1Gw39vd4yQESK3YjI7Mc7mUg+NjGQzHFKGiBJcHYBqTpq21ACDOz3/wde+Wb/vmb6IFBABxfkFA4/TobjjdoA6AcBI+3HJpzc+wVLpHRieMUYu4gPXFhzAUcPcLl64AXEujUmAvsatfJiNs9lzJ7u6mtDewGR6LuitS+OjHfiPMB9T8wp1vmoSgCqBQUterq+hZerFhO0E6GAhtJ4WzejsHJJf2OaeWcY8Xl9xiMhCz3qz+0Ihkn1mTUz6HJYH5rDpHmueByvZTo4ICNZW4bW9g95vXkzEcGyiR8bAns0FXqsuZ/NW/+TN58emn5Mt//QVmvFiT0Dnal9loYO2MFbrebrcnT12/zhEcmII1GI2ogEF9GBYHGTFol1R466/vI1NwXIjNALYXn3tO3vfe9xKAmKDlJVHdgK6coI/P1WqIgpCbMa0a4x6GI3shTtWaJ1/D3S9OLQZfoh7cQlNSC0MxC2y/nIwmjIt3dzal3W4wxsQk/cJP/IvfIg0TGpIC7pSWcTcZAGipg4tELW9QK0mzEtXFxHMOZA7iTPKSWMHUYsZYLU5GzRPJvjEzHwv6qla33iEmtA2bnlxkLFlCfse8xC1svDGyHiHymy7cVOutif9kOJDe8aFsV4vyZ5/6A3nh6afl5iuvkJBez8bSPT7g+q1r166pxZvPaQWffuopNo3vH6JNc8TkA0kI4kAAUOMuTFn1RT2apbtlx7HAZeKH169ckX/wvvdJu163ifXqYZwLZCslY0LfkmSVEALQZPoWd+u0CU2C6Ho5/RXT1JT/VHFriXNkmvUawYz3gSoKihobzYY0W3VsjtWK0k/+y98NAyodTHoXR0uYAUvimcNdl6mgujrPxF12UanYskn8BIs9j1uXNM4KcSITjlKUx1uGnCpQziUXwZrCBVqcZ0rmzGskVow/z0j5s2FH5PeiqMHfe1xoo3+zXOqwd7hfWBVwfaj/7tQK8ud/9IdyZfcSR3Lceu0VqawXcnbwkBswn3v2eTYkAWjojGs26xxQef/+QxliZIfLoOD6AELMa4QL9aFHiSKWBsUsII59e2ND/rO/+3dlq9WSOhIR6/PljcJl1BrrsUvOflehMFUFR2zl1D2tTHxA+aARCaECZGMAHyo73LZuk1Rb9Rp3mPBvC2jl1A1MXAOGlV+NiqwKKyn8k4//HmvBWuOMZbSIs4srHwkOFayJIsStoVsnWE+fDuVZlRpGrb0GDd0F2Wq4+L4+IgWYVcUUhLoLN1qnXOXigiw4EyPmlNYpEZ9aYv5NAHY6xUHPCCcj4EyvdYE0pp/2To6kMOrKF//icyzC725uyIPbt2Q26Mjpo3vcgPn88y/I6UmHg8fLcM+jIXWB4AD7/QErH8hC52xGgi5vwTgXoQWZCONHPSTCz+Aecf6gdvme7/5uuX75stSgiLHNRTQI3Ptrej1YO7hjEyvoSF3EdLolyffTwfIhDp1OME1hTV4RiQzKjpyqABUPlNwVkM9V2d7aDJs9dQ71Usr1kjTaDSn8k1/9PYY2tlaNJzFPrQTLEYUvhr9oJbUEFctanhE7fR0pC76CAcVKV7ZKPtwEOeomvH54/qR8lpbqTAYfsvJkamsQs/p0fBNbBhccZs14e5sNa4cFDuKL0D4YFdVhmoTNEvRjTxTks0FfxqcHsn/ntuw/eCTPXLsqR48fyr2br0nn8V2WqZ566mnpdLrSOevKpUuX5OjkiPUUNClhiA9rsfzQhnSVaqkr5fHZuleN+/RG9BgQ7vU7vu0/lK978R1URAOA/re4FgQdkxBbTAggVnVAES2bTVZFr7MmIegNFplMZjKfzEzdojNlAD6yh4ulYAgmeE664moljGpZoBkJSU61JIWf+fgn40TlZJ5K1sIlqxkSsjoW66NCJu9Ko5Vx0ORnxcQqxsUu8rzcyWvA+nh3l/q4vMzKg3J9rMVx+S1Qxk9mM9u4Cy9jKa2NMj1WV8fomGP9RyPoE7PmU+kfPJLB8aHcfv0Nubyzw92/+/duy8Obr0hpNZfLl69QAQ1VNACInRyQXz0+OGCQD3EqJViciBCNRAxHNA6CdfJ//iWGm7/4zLPyd977XiqiFWhlMwJqsVk+s6QEXl15OrVsWN3FsiJkWCMoYNCtt6SoYDbGwEtM1oL8TGNB1HthAYsY4jSfcbZ0oaihCXcKs1cVFnoOAP4+7+9VlMFdaAUvjgPdksVSXDrhwK3pOVDkebRM+UvHqsFlR6uZJAD5UlmaVKQATCydB5wae+aamkKVxRIoLs3TvpjzaucI4AwAlYHV85aULJkhI+tcLaV/fCCd/Udy80tflL0tLI6py8GDO/LWl/9KKuu5bLTQxzFn6+XGxibH9B4dn5CC8QHrcLtogcT3mnlq/wYbiNhKivjQ5097lqzWrVWty3/+Pd8jW80268A6MkQJeiYa1APqbBmP+ThkqFJmAxE2d/a7Q+l0hxghKDOoomEBp2gpgABVtyLBWqLkV8cKijnEtn2Od0OZrtVuShXrwiAjQyyJY/iZT/wBaRgAMFAqTxggnreK5773DPgJTex5EJ+nUVQC5bJ5a7TIACHlvAiQCwhmF5VizrL/y1q3SA2lk0uz7jgnRvB6sU6VDtY2hCsJAKOOEuFiga5pMR7Iwd235f7rX5XB2Zlcv/6UnB48ktsv/7WUllh9UJTRcMDmIxw/J9cfHkl3MCAJjGNjc7jtvEP2qcJb9T4A+gwbk+xu0zhUH4PQCI/8zvf+R/KuF14kWPwG0/MppESUehHbilkiN9moFGU2HnOq/cP7+/Lo0bGMhhgstBKsFoMIFf0d4BURa4JPwQKcBnSMpSIBWCexPuO6h7jYusg+ZQKQG4QMdH5C82DJZLwZ8YH7wBiQp9Yhfb706zgXMMsT8oSYQoVt64kS2sGXgonEcCJ0CK+NJnP7W49H07+LiYW5zCQmdF1qHrTuxjUJSWJFb4yyZd/pjcnjg2WcT+X08UPZv/WGPHz7tjRqddmoleW1L3xeiosJR1Zgj9vuzg7bL8FTPNw/kPFkyt4P7cv1CgjTrszKLwAIAHW3q5l4jBNxDJd39+Tvf9d/Ql0elwe6lM2GAOhSak04uBkTM/0qBSksQagPpHPal25nLCfHPVrDeq3JRdnsxGtAa4huQDQczTkDp+AJCdt5MTCpQZEsZh5i+j6dzU//mlpAEi++gjWz0UUBkoInMz3U8KcYiPP4/CJka6c+1R2r3O2xFwhP3fLlKZa821MXQpN5cZtlsFq50lnOjZ973qB4Pj/bULV/+pr6d06AxsdG4KswiwV9uKN+V/oHj+XOG6/J6dGRVFYL6Ty+T6V0cT2nPg4VEOgBIeg8Ojll5oveX/CDuEo6Gk05QK8W8XqUdag5fo/zwgpEAkDGpVKQb/3Gb5Svf897aK1UTW6Kd8RmpFtQhsPsmBKVzBAU4LHL2ULmM+z5KMpktJDJeC6oblDSBVl/AS2Z2D+Hda5F2dlosfUSB8QZMJjChTbQRo0gRMMUZ0HmAXhRrHdxf/LOLwAAIABJREFU/JeVWLEBOz+gJ2cp/XkuavA5Z9VsPMZFVs8BozVPfpcBYPr7vEXPW0F/rN9kQeiAUWJW9UkBqmxv0nLgQt4A6pi8UD1pgMBMFOz+Hfc60j85ltODfSqkT++/LdPuqdRLwin5UMlAgLBGG+ZZh0QvFsbM5ujHRWbra2cRX6q2jzRWqcQpCiReWI3QmdFkJixUgUtu1evyn/69vyd7m1u6J479v6CMYvsCkgRMTuBUg0qRrhgiUgwmWi4KsoAEawr3i2FDKDtiukKJrhZ74TDyA1UQWD3MAKQ2F8octIDCumJESL2q49lSAHoPbD62exIAsz+3WCRNZgjAmKpmGpDsguUtZLzYUZiagiT7tT6GZHVCleQtdt6NX2RJUwCmsWCq5FYwu+uNNj4Lav25Pk7Bqh5GpwHMsfu325FpvyeTzqkc3bstB3ffktpyLicH+1REI/kYQQHdH7KCgOwYkw5AAnsMyESJWecFAMQuOCQaSVsBE00YiPVa3vWOd8h3fPu307LRMnqxwL5hVowhkxzjoUOM8BiuiViBXMeEU4AQnB9I6BIBqImIzptBNQR6QypeOLhowTgTTwQRAk8NJmU5AJGEpNYijfnygEwDe0/6FXfO+pl79d0ZqTTK/jiNwc5nm1F3d95iZTV5keCOJHQeYPnn53lOR3iY1fAQJPBryd6ArBWMcetFYM7cRAAglySuZI1moslIOsdH2BIjq+lY7t98Qx6/9YY0VlO5/9Yt7vWA612si6yMoG9kNpvKcgWd4FzLcFZ81Qur1stdMJvzbalhKjbSqfqaMV/e25XveO+3Mybk2i6rUOFmVjWNluAAJI7lRXKCqbwWm8+m6BFZa6/IHGN9F1KFwAHtnrYIkf3HWM9KYYnud4FQV3n8tdQxIYGVkE/8PjkHblezOp+PsX0S8PIXIwDSQJi1jFktnjrMbExGtUmSBKRJQz4RgEo4xl9PBl1qKdPjSV8n73ZT163xpZ6wQPYmcXJ6E14Ezvg6GibQCiIWWi6kc3Ikk0GPAOwfH8vjt27K5OiBPL5zW7a2dsi1LddFKmAwrBxVEQAQYlPQLOAEkfWq29VN6RCjskzGipBaP1pBs3y0wQTvionDt33Lt8hzN26wMqITUjVhIZOJTZrc7avDixBPQmIFmgbPr3uYNXZcIfNeLAS2lPvnyP0pLwgZFldIVHR2NZVCKMehFxnkdL0qhZ8CAE004Oz6RcBLLeLXcsk5OjEz5iwDhESF7IDzC3lR1housknfn2SRUsuafv01n/OCMp36UbUG7t7z1i4FeXrOMq9r29v1ptFJWfPpSA4f3ZfZcCCzwUA6j+5L5/5b8vjtWyRt0QE3niGjLfBrHEOnc0qQAGTUASKJQOIx02XVII0pizIAMjmgizXgY0oCVM0YIFSvyzd/wzfIM089xd3DABbnV6dMgHGMeB7Wb0HP0Kqp+IEWHTeoDZrXGYMAKtaBaTkOC2kwjV/HvWHlRFmJaAywtL3ChZ/8+Cc1TEuK8RzH6l1fqUz/AmTmLVf+IWkSkZb4UjCes3IX9GXoxfa5fRrz/U1/lwLmIjefd+/nQMpwL6t2ueg10xsnfwOo9YsiBmYlUEr3O/L4/j0KESZnx3J2503Zf/tNaVbLcnR4JJ3+SIrlGstzyIw7nTNyaXC54AXJ72HBkK2B1UZyfy2lWGjFjI7B/c6RHnOsc63JN/3tvy3PQKZfx4YkrOFK+n7s/Pv+FDwFGsu1kclIbDIFNqMaRLZZSp2yqrSLbwXgfGuzrDz2YoGjQFji+6lP/AHFCC4ccAClsV1qodILn34d/u4Jaxmiu7t4dUMcvRGrK3oxc5WL3IiOi+LWFPR5S5nGfvq+niRctcpIKPW5bY917DwYU7fsx8DZlInqWhv3cXWwKaknD+/flVnnVIaP78vjN1+X1aTPjen7x2eytbPHbUn4B/BR4QIrtpjT/WosWOL2JO5ywxKa2UTnr1gCggkFuIkADKhqRtzEVCYAn3/uWanBPSKDxSJr3uAaKypPqxNodYu6unQ8Fu4dkZBrCGn9KGbVaQuM+5hkoNtc6RcPZUig053DQpek8JOf+ENtSjIL6Cc18II5JXPqji5y1XlXlF4UjTP+JgCer++6QpqvHY7HE4HzcWDepeddZzYm1JhSf5ZaO9AcPvclVdmEd3RuJgx+k2bc+khLz5yOCUuAgEz0jAxIUI8OH8vbL39JJmeHMu73Zf/whEOK0KAOl4ZOOY75rVS5Q0SbLwvS2tiWp27c4Ov0ux0ZdI45DgSPRdbZarc1hFgvpdfryWCkK7++6Ru+Xp575hlSJzhCAAv1YL8+njywxRO9IiZYAPhQR6akyjg/ByAmX0Hwqspoa1LyNRvJyGOcal1gXZDCT/6aAtAvrFuUiwD4NwHuSeCLAOCz6mXJKV7UAqobyLrLLMfnrI4rbzzvvijTPZ9BR1I9WkJ/3RT4yfEFxX8kntOkJAUv3pcLRLM3qllPI7Ad7DqDecVVrYtBT9744heke/+O9E+PWejHjOnbt27xfEGsCo4P49pKZazsAp1RlY1tdJpd59izO7dvyXzSl+UcG8zV1T5941n2mJyeHMrpybGcdcAtruSbvvEb5flnnqFlI0lsIlq2ZJo79qHlBChJakzPqgRAwi2DsOZsGdAuFR3zAQ6S7Z6WOeP94rm8Uo6ZiWpVi1L4qNWC8/q3PAAvAp+71XxSkid/oxV0AETJkIMx8GZfQ6hgyNXuKwexueknv2Z28kE4Vj6HixzySp1oCTM3S2w/sUOJnKCCUt9Xej4iEJ2Udp0iLgeyUp0WX1qu2KB0cPtNefjWm/L4/n3WUu+9fYfcHVzvGDziYiVb27uysbVDmT5mSVdrNVnMp2yAwiDwyWREXSGs4I0bz8j25qZ0zo7ZEH9yeiqT8Vi+9Vu+WZ69cUM5QM4yiAuI3Nrh52hgwrlWK4jMWy2XNqBjHJtOVQWniCQFQgQddq5ZM8WvCQARHLpF5blVAGYBoYdkd7yhh/xNQvamX2fdbNbCpb/Tr1MRZ+o+s/HeRUlKdL9WQgqE73mL+v+3duVPkmVV+WQtvQ/DjNMDPczQwwxLs8UgIxgTYegP/j0qGKACLqD4EwYaKm4BaoiDaIAKbvxKGGqIAjoss3TPTC9VvdTSXVXdVZVVWVml3/edc+95N19WN4ZFDF1Zme/le/d99zv7ORXY+o4qGmvskGBJybIZQNVIr3Y9rylNk9LtRNZ1C9o0S0RmXu1d6CcHAJnCxbGyA2bNHAy37PqVi/bq89+z5cUF24QvEG3bZmZ8ghLy6I7bk285x7Db0soSz8HxC2WA9C7BioGEsLhhmaImGD7FFcyiu71BKxijWWkw8BY19BAz6XB5rAuhMzsSfSWZoAJgHaIDAsDHks6BUrcQCYETWgBETFmDtKMUB+4YpHrxG3Hfn6QRomQEGiKeRRvx2Opg9nSjKUZGy5AtK3bFbny6KvR6v1uQ1AFvo4v2i/Eu+2QQ6noC8KnA3a2tLuDDT6kraDdDn2jvAN7dN2CgkBIBwHw+ATCmkOpBI5gPZ/Xt1SVbfOVlu3bpsi0tLLDL1mh3R0Osxwf28JlHOREdYFrbWGP/5VOvuY/NjNBT+tjJk5w/vHjxgl1fuGynjh23M2fOsLvCKy+/bG8++5g9/OADzF6JkB3SuWEk0F9p+97CTfUiYdHC/aPxrsqcBstB/NNFM0ApJsJxaIQpw4V5hRTrckar74wsdlhng09+4Z+UEe3JlCEKRXYRrK4Nq6eJ24LoKss7DtyWkVpdsOpStbBmmg5XLeo2t68vhSq18igtZyeTF/o2SBanLSNmPbCNqig3MPwIZRt5WC4ArfehD/k4jpKfR5cF2noMt2xp4YpdfOklTtbEYyNDwf0yM2fzR4/Z8ZMn6RM8ceokHzazXObm7f4HH7K93V1bePW8XXzxBdu8ucoJ6g8/8hinM40311i5polYY7fMYbkChIrrkx05Iw71HhLR8D3OgdVmYYh4j0E2N1LkJKIncCcBgGjDEfmFcAkhFtwR+7/+BblhwgPuez7iFaUyfiLRoGGGDMA+9isMGTpSw6RxTGR5TGO4LtM0orcpMqcq4a6We2HMLuCyelDdGu1G6lcVAnzJmZUyaKq0qLOHq5OnhsPISLtD21pfs5Vri7a3s0MXBxpCzh87ZgMYBLNzduwEEj0xymtk25t3qD4dPXGSWt1wY82uvHzebl5dsNWlZXvodY/YA695je2sr9jM3o6iFSyk15AZRCsUtdH4DRQqlflx9BerRloMCKPD2Q++PVjB+BdzSI6qEToMFRgbYD2G5KgfavAhFb1PPquMaA0szD9NzltPW7bD2LAVXS7LJkRaHzCmib1JR3EK84mvJ5IFBKqetP4e0TrJ0pOiuLXec32LjvctjKyt2GS94PO1dr06wqDc6N6GREyvCZboKTjaGVJF4oM/dsytYdVocw4JmocPt5Udc+QIX6MbP6zq1cXL9ur5Fw3DXU8dO2onUBYJf6LHqIMJOWLWSwn4/d5uY9azxKNxpWLO0PswS/iIW75o96tUrlJf7CG9AGE0v4SlzHSNX3tWobh+BqxWq/rEaVe0uz4Pbpmm+xUuSCL6buBrH/YEQ3m5JYGZ0u2zOG+t0njdF0nJojQXnJMJ2iKm5DfsbFt3AHf2ci1CTYJAiQHRf09eh+a1R6hUdbhv6KssixSlqp5wy9bBDhrEikcj5WyjOysc17t7tn17w27eWLSrF1/lYOt9zOnd2bIZTkk/YGNMDUwEiEeuPrj2H70Oqc/CX6xJ6nRIE4QIwUXXfVnCmLKOsQwAIkQz/X1uSQ8G+4otMx/RoAN+TVG9ThJqKPMaUkLjL9fyFiuuCuxY2YyvYimnrOb6uWpdBhD7H3Jr4fa7VbpgzY7javWGmlCyXbIakMR3uzEmWc/vuykHaIE4+bprUeeNK2OkbnC1eXMjzTdY9VbISxHJsGXTI1EVKVNxX54GBVbcXFtjE6ST8/O0tDeuXzHb3WEiASrYNNcOJBMAjKuPzml76vhFMHmbX1blSTeMCetgRDqoMZqLoyDmeF5lZyOCAtcOQCyja/Crz34t3WpdMsZdOwXqeq90xfKPhkEgv5z+6zhhG8a7F9br06sEzhCJh4vUluWKKEnX0oKqDsSO++5zlldgtyHAPvCVtZlwulcgxlqFNVxeJ9eI8qr1I0d89T/q13DzyLKsLjIVeCHxE3Udt5Zu2HBj3eZGQzVN30UpwAGTBvCvvkfjVOuPNoZ0QhVrabC1mjCpxduc212Ic2scw1EADzFkxomVHAvxC1nLaApDemaDT/x5WME1uN9ZzIbagqX6xK40ssb6C7ZMbBMgDBBMe5hdKziDrofhehzY+XtiCkAfmxGwEwbMpKrRt3laEd8VvdNEdz33NAAG3Pr8rfk6Ck+F7unrrFFb8uhSFI92GXFBFvbO+qrdvrpgM4kBxTWa4wt9MvcIykSk9HqAD7Uf8B9L/VGmDGd/uhdZg7TxOfJ1JMd6aj6OIYYyAPt2MZDPg3vEaNajYsFCVyzgSiftY7ZeK7IBU025Tzv/LnUdGXzBgNPYl8zeDNRpr6sPuK1R1AKjZcC+7481DAaM5QoAtYCO72yfVdlgLrXAklSfXDIhbxD9qu/cXLJbi5ftNlrCDYcUv/Boy2eJlQb7BeMGm0bAEzmFY+X6YZ6wi1Zl+Aho7DEYyb5gPd8EuO7I3EG3CFzPna1NG3z880hIFVW3i55FaSjo03ZkFRD6rZ6r9Yd135+uX1U9tIrUto9zE6VIwM0PvxwvSvBr69Z81H6tU0RvVN41umIVEF0neF7LPmDm4wqLceK6J68yIOBZhF40Nm0DEbwpe0UxV+/SGh0T0Mdlb2Q7G7c4Mmzz2oLNMJt5bPvs8SIRSz3TJRlLOzFBi+CRWAb4mMDqBgydyZF4wNqP8CkqV1BjubysFE0ukRLGaZ/e4f8Tn/9H+gFzfW276/oonxdTHLsVVF2Atv6weuY+0TXJOiF2p+t8d2OqCYBHA0qE0DwTuBXB7YPGXSDjmCKjaf8xDVzTmKoPePkcMAgJqAaAmSD6pEapB4496bFpZSU7QPdGNt7csAv//S3bXr5ms6gwR3YzOx8IeGJepYyR4AhAhQxZZ2xgOABQx9ImiL7Y+G7ojyRI/Ms+wUrLgi46HhOA+g4XwR//s5oR3eUq77TpInjawrViuAvKfMZJhnXYOmO2zJjboU2ySwusaa9jo7SgIkMmRiz9DdvygCmWbnxfK7r71qkyeI2TB0PHxsd5sj6YRXDHqPMvOIxho8RCoWsAx32SMEbWVu38c9+y8fpNWsG0mn3SOb/HdUcOwHEfoFqOgNmUJwgWRIoYmC2MUlW+AXQyUIJJIy1LIT40NMcYWWRnY/bJhg0+/qf/oInp0BmSEdFjvHZEdDzQw5TkSTZsExUmow0VKF2ncgbY3cDX5uRNO5a2YxKtrIkInTeMp9JeTqWP7f32AbBPlWmvKTZqADC6XIUuGABsXTX3Is4jsCBdTqzF4/Z2bePagl383nO2j1klox2G9mC5kkjwIT4iNTtSSFCMiLQxuk5wngJA1ZHoWIHSi0V8VIR0RQAVAGSUBdGdvTF736AVnQPQpX5Rqao12+60PnHcfqbLivJXacdPOrLr+brgVKnl4a6QPp2oD5x9f2tVjjJWttGFY7xEX74h2bXHeOlbs77jowgIn28ZsBglMcHAs0eyetR6D/LmkFESM0Nkmw5GO3bjlZds4aXv22B7k71bIBYDgNTn3MEex9K4oIvAU7agA/oUAB6L8yZdDwArRU60piW6wbQqYtpjYix0QOqBYEDHeDOwsFtzMWnxdkVmqzfWhxAs136iFbll+3kSxCQD9hksWZecxoxtsY18aUoq5L/hX0yX2IroDPaOmpE6/mdA5Luddt38TDRcz4PA3ZVFQHktsiIlVaXpE8sdcvAEUG0SfM0MHdCXvvdtu3nlog12hqgaLwDktZTzh09QmTEIv/FtiFwk3boLBZ+nVawiXxkbUXLg0jQMGu2HfdtYW7fh9pbt7e2KOX/lT/5eeTC4wMrBHbTcCwvGAZO6ySTw4jNS1OWk1OLVz5IV2t58PWHAu4njSPFqQ4EErp+PRkYTauP15IeYDC595+TG4jkPiai0a9SK6vq6WsPSTbuVeVk/LAO1k7pd1pfGRzDX2HbWb9nF575pw5vLdMmghJLWr7dJoQ3hbhxZvdIDSzYzjI4i0qXTwXiR3ifdD4YJQ28EqXRCWdcC6zZGzt7ZsJ3hFsN+g1/+47+jDlj1hi5g2kXKiyix2rpZ2pYW0wHoHNjbAiMz27QHd3fwCSjBZh22TGDO73dYJMRYk+XcXne+jnZa6LRr7N7TZOVduGMCgCIorXUkseJ36e0uBss91WfC9yFG93ZtdeGS3Tj/vO1v3VYIjgaI+rYI5vEDsOx5Ibo7lF2cy9+nz8p6ltuF4AunM0uC3R3jlnUUVKFhOcA33L7jo7o+99WpAJwGvmlsl5MA9BlReb/+VIHauiwOE1l915Q/HyCr4rCbRx+f7etPU0Sz32AwYBa5nTBYx1KbZuV7lo4nD1RVJn++/t7nvvEChAQ+6dLh2O1bd4IJsWCAApPV72zY4oUX7M71RfTWpS4GBovGQX5yqSNFfHpuvJdZRh4f3S5ebxr+wUiW0Gd8TBsSKNwFg2vlyFf0E9wdshhrd2fbBr/kAAzTveyB/0Pmc5v2pOB57bqVubDT3iz6xBwSruswU8Ne8V4wcofpPMs6i+AsfvN5MwAJ1G4XEE/r10izzkZIohrn6wLWRXWxRWtCanejhRrS9p6pjvMQj1mkiRGdwco6SgwGQA92h4x+rFy+aHu311Dh5H1e5CMs43Wp5/kgaf+72gzqfOo5KAYMABY29tBcdb84BXnJAeuZfcq7Jm8ObTQc2uAXP/sVd8N4ImQiYsrxpootgygeXlf5zmHz+ulJVuuK7sPS8busV/i3tzA9A6rznU1CQG6U1CeiQybVc4Ql716JfL6IwxYLUgKtc92ux6nirI0zd18HB/H4jmVaRSTWPDNgeSfUBm8FggboiP+uXV2wnbWbtj/cMsO8Yep/4bdzAJNWJUpluNQsFvyqkk0BkKj3/6TrqW0rr8njxbEzQv/DhHf0rUarOYj4XUzL/Nhnv0oHUOiA2SFb4OM7PC/ovVrF00XmpE+wFZ99rFcLh+6eEdM5fgoAy/U17weTBRCVCeLaT6Pw13PwyTjAkJFamamzMcL4yZMFHMQqDk8bt/zaZd1w0/RZxgyHsbZk21auLtrG8hIGltj+9hYzrNHzmS6UaKkXX+iOaN6lz/2gOKVRoXsTG7pVXJJX5WbhRmY/wFpsRT3RxS8z7zFtCSWmB2j1tmeDj31OYxqKiGooTotLX0NZXIEvFtcvpkd8Fq7qSYPqA9e0z0/TRacp+Icp/l3xHCn7euj5uA6rp2iIc1tnlYrI7TBhWa6JUs2+6ytd/P1B8JweldCXdavuwhKOEJzqONB3ZpeNITEEcXNt1daXlzgqdYDOCox8jNi3BQxE1wnB6sYkLVlPq0szhwMDADZrTsIjEJZvGEhu6dKv6LFoAVD9bBD9wA9EMZJo6WT/6Ge/qjkhjVjIK0xkN4U2FVPJd9Jzjj59KH9Xr/ujCcNMiu//Hwf1YQw5bYNkAMcaTYujlzbEqfNsZwPk/ml+MrxfEiM6ZbC15hh/xmciugBGWV1ZsdXlFdsbDjmvDQMSMYnpKGo49vc4v4PxWxgFTFoV+ORCiYRjF7/eWoMxZI9yBJ0rA6aK38icyY7ziPWOmeSgODD+BhEMcAL8qIdmy7iP/NFX1BkhFqOHAaULhru6m8vWPpAsRlsQtwzXMlufBdh3/mnnuRsjBqjy5+L31k/YfrbdNOSk0P7z2iX/YjRszveZz1P8jB2/4qQvEcco6oBiuX0bbg9te3NoO9tDW7+1apdeedmuLy5yMtHrHvohO45hbeORzQ722d8P/afRoVXgQ1fTSC7wzJfiB4yGH677uQESt0fxC6OOIlqsjHI2XZj8fMqO8Ywed81owI2sYAARFngB4EcBQD/VhEcv6UX4NTI1BIoCg5ICXsR10nEmO4pWAHfZsT8BtPPAekT5D8qOfeKcIbEeq7/vs31/i1w8OrTzNTY6oO4lWblt248cekyfhbN3C0XlS8v2yvmX7eriNXYpxTjY5euLNhpu2ZOPP26vP32axUCoLYZSwd/ZjFR1vorVeiKpUlaU4cLOBRTENYvFyzIl/ZVOz88EKxM0gJ8ACGDLAJFjuzBiOKFzPiB7WaPx+oENPvKHf1sACFTleGLLNMK8/l/KaaSvdy3frB/y8z0KfvdB6pvqccklmhT1uzHcYYCZxtTlHpveeAH8bGxRFekB6t1EcERclPOm1eO5mOaVnPlRk+vVbLuoaLuzabdWb9rVy5ftlfMX7NriDUNKwKnjJ9gDZjzatMcfe5TTNdnhagaAUgQD/QHxe0mzd72LjOYJpLxP9H6BYQG/HXXDiCH7c2H0w1v5ivrlivE0LMdoLwMyC8bLBEJvRY/DsOAJQMpiH/iSQdcHxspI1WwpYiwZJ+UBultnmi5YzldmjFQwThVdTdf+eytmmmTejtHR41vM7DuNiXm1fKLu70uRoXJ+vqv0smrsVHkDw+H2xrrdXFmx69eu283lFbu1smqbtzfZ/2UX5ZgwIjAheh+zfQEss72dLTv94H32+NlH7eSp+7wAnFNUyVaouxADVpGLlHteaUQ0GD701KsOK+pvYLSoflPppsBXw4FOSSRUsSBEMAEmSe5WcXWcizzVtnjwC3/wNz6sUOx2LzpcHzsEcPO/3QUPYHWNljgXH1axIquztmXhaTrhtBSsFjgtixbw9sWCe0JwfZsiT1Ev6Ugd1ndwxmBBiCX0+RsOWSz+4vPP24vf/S6BtzPcoZ6HXjHzs+ih4tlEcKvs7dn8/HGvKIOo27Wzj52x173utJ3EZEq0V2PRj6QJR2OFX5CU5cmpPjYh2C9S65m6xawXj4BE+I2IifO6fzN8fiGSA5T+d7KiByHIgt7yJdx9wYqDn//9v9YpJCdKeWaGCR+6I6GANL3OLosQUx1A9ojgw9hFYGyzcVLuWXO+aXpgK5IPe83eOFN0zFb05k2B92I0gsJYXPruIBuP1cLvdWfjtq0sL9mNxUVbuHTJFq8skO0O0OuZWU/gSpQ7opOAKgFxvvFYmSvz8xgCja4CYw6GfvOTZ+30Qw/a8RMaPsPEFaZQYfpRBSCfG7sfuJ4XkQ5vzUaXDNro4pjEiJFcSl3R63t5iyFaw1XkrzuJtO5fFvbFlDEUiVIX/wMANa5VDBjKeEeZ1hqoiXV00kqOw6BUvJ8BOE2EUmo542T/24SYS3mEYrjuMBjpIOFCuLtrJovqsLjDBdGO/KrXUkWl7qcCNRtteRqouoD6CAU0Fd/ashtXr9mVixft0oULdm1h0Yabm2I6ndEL6+EtUY4djgfQcC64LZCRjETOuTk1BsKloMfP29581s68/mE7ipEI6DjKSUXeOT+Kyn1naLW62Ss4wrmHeqDYMwyU6qIJvR//0g/oDmecLtL4i28yewdiAldkWjM7BkTnEvHnfu/LpSaEf0psV3a6L5Le9/Tu0Hka3bEVwX0itI8dp30uspQ5YdENlaJz9uhtReFP6kTfueMcxeeWXCldMd+Wq04yJcHs8+O4yxH33N2z2+vrdnVhwV69cMFePX/ebq+tsw8gmI7RhKSgx/XQTVGysjXPVw2M9tj1YG4W3abmNejP9u1Nb3zE3nT2MTt+An35kNomlit1zi6OFWygH0PpUl4rwg4t7mCmYent2sTrnnDrOpu0JD+3160gJixx6vn0PS49JoWF75C/p/j1hz/zJVnBiS4LO2WLL1wr/jSLSHbLLuzjuxobCX0UX/7fAzHjAAAOsklEQVQdh1mwhY3SbN5CwCE2HUDK/fXd1SNWszjNQIu/hy7ZivX2+wrQwVBomUZDArPU1m1lacmuLV61W8srnH4EBoThwBJX16cIPk93B8NxLSL93XWiaAIUDIhuVxDN7NE3Iwv3gftP2Dvf/lZ77f2n2DCyZrLgKXsmjlc9RoUbRa13NFBjIs/7K7qfJyT4kMN4ZJGYgGvHJmKWs+t+8SyF2qzAhZHidSJOcPtjlxIf/gwYUBZLKzKnsVmHwcKlMNHkclIkdo+rJZbxcDuZxj1RldANw29HMReuIfephaN0GqO2wGpBOKEGlIv2RXVrDy1072ys2/L1G7Z8Y8mWbizZzZVVOofBVPujPXWUJzvKEowMYnSxiilGCFOp/YmGzkQfvpkZzORQPbbCZh69ODAHoMCGuWzn3vakvfENaNM7q7aOyXjI2juTV93pxsRSsp36u7Cml1EOfQ9eQ9SzBthNBMSppUPK18dvSi6WsAXCL1ri4kl1Kioand9mgw/97pd8UI17tH3Buxkuk9GPFkztAz/sdR/Qs1jNx4aulqMkk9Mxw4IPW6praQu4+ltrLfdnpwjWBEB0tjo4sOH2jt1e27CrVxbs0isXbfXGkg3RDs1jnFFdFg+G4TKmIcmAUFhdIOM1RdN2O2Ch9uTGVv9qBgHYeFzNifCDHoDsR30wtocevN/e86632wOvvc9m5rz2xtOguvXObiR5lrLS62vsN0Qs790NEVXC+bqmsgF1pwlfdnY8R5KszpsoosbEg3XBwh/6nS97NozSwPVT1WvpYK0e1CrmrhcmK3Iak0xj2cxEE+K10fVaMcrvcgZsw3myG0J/nPy36ozetNI7PikGCl/byDbWNuza4jW7cumyrdxYtu07m5y/Oxqivx7irPKtIWIRo7MivYPDmV06AHgAEh2+3vQp1pu6H3qtzKt9LdZcBk9ETuQkDrbEGshSluX7rnNvsSfe9JgdPTZPIyJ0LvrxiirifjwHAFkuLNsAorOhRLMsZ0iVmgGjaEe025A+l3S8tiQhsV/cK6490vwHH/rtqgMWAyNlvrDFA5MUK6vkWomWCcNo6NPpApSHMeBh7/WCOoPLL1EzNKTH6Jj4t2a/kA3Lg3HDAp3nMRh6Z5e1CzeuXreFiwDdkq3fWrf5GYwtRUxVAEJjcIBCNbE+6ioaPJb0eRdZNDzk04MxAFaUo782E1J0oI7MwsitwcCH8tAVs0ffXsSFKSIhqm3f7r/vuL33qXfa6YceoCulUElpKhTgq3l+uFdGSkTNaa2i3Z3HhuHSAQhRluq1Iky59ywatQGRiqHEKS247sWHNdLTolQbdkr1tWgA6Ae6BRSsBIWxCwy5bRrC62DxBwFZn+7XslxEZfoczh1XDq6rM+R6EoRlIxCcskZnB7Nku+WlJTv/wot0ENNqBShtxna2tktNK8QepldSN/OaBxo/M5oKWRzqYT06O8aDhkVPfc/FpD8tqgfsmu9xU00Xh5iNmuSaZ8cNRAac5XfCJ3j20TP2nnefsxPH5aqJ5FIBIYDhyQ7eCasmmWYAelp9GCo+NStHQiR+a9curqn/LUJ5kqXFOSrXG3VLuXsIwp/9rb+iDpg7pLq7K0ljj12W9KCIPGVPWGWZjMQWiPf6uo9Bpx1LsFIMe7eDCfdMtzN/PY+nPu3t2+q1JbvwwnmORcBwZpQXgt3QFjdipKpvqK1sY4HkhpEViyB7Ujk7sfVgLhyHhxDxUHaK8lYcqmNT+pIIQBpYbEgAJrJK1ObMO87bmFMt3/vuc3TNsJNpiNPM9lijyHp2n1/Hco5wWzCeM2OpB3H9kGDzzJe8obUWninUZDfLfykGZAcunCsAKA9RDcWpnC4pV46qYsX0pE5PE7sByLuBr4rYbhQks2EWw/W8EWc9UA+XvnhssvIpetkHfN9uLq/a+edfsIWXL9loG7l09FmwIz1ELUZfYcFQx0r9y2sjkFwpPUx2Jh4qFjhEK525rv/UzJAaQ82sz/fh2KWYQhNHTL7U8MAA4HhPojk3QAdrV6DiOsb28AOn7P1PP2Wvve+Ej1h1tYOhOVjJcugrCyZUgNSQKPy8aS5fGCfKD1RtcJQKdIycwkvaRFlChm6OeyD7zUoPJACzHzCoND/oPqMg0WMRz7HQERHBA4oFmgbCXkClEoC7i/Ju/hzSg8qEcN9QpQIu4g77B7a5tmGvnr9gF148b9sbmzbHVrXo2gTdTP30YCFikfA3hcMUYWjVgVIZFr7SffRx1oTImPEW6kx7P2HsVJACgLMEIMFINwwMCZ9p5yMgYNywFd6+R5UiBWtuYG978qy969wTdvLYEV921+k8PkwwhIM6DAqvhBNw3BuNBk5+BmXVCFQ81jc5p2dG7xkHpqQBRrOGWK8uLDamdP1vdi4BsDBgsGC59CpQ8+J1w1DJQGniqRmAcXzLaP0gnEzPmnQNqe5CzcnjGryo20VyLCEtOrDeaGwLly7bC89919ZXbqrPyWjPRtTxMCJVxgtS19liwgQiGjZoY8sME7UNwb2hKSN+YPRo/eNByc0SemKIn8yGwQolUZPeBpUHsKDcR6OGCK4BAkVLQnTj3mMoIYBy6ti8vf8977BHzzyskVnO/qEayE+c9Dfvii/Vyyexz3rPF16M2LIyoXyHqpSrU9vDPxg9IrN/lxvQDROB0GPVH/zNvySWc/VbhVPluQyegOQ0B3IfoO5VL+yIcXeqxvkCgEXngH7ko1ADaNzBTWUjjS8z21y/Yy9+5/t25ZWLNrx9hyIW7WsBNjbnpg7nPjoXtxFiEigFQFr6Y4+JuqrCgdBuCavTQJ1ELhBKBAZ74l+wWL43RrHYgFzt4MDk8ZnoEhH9dcIYC/cIpqnHLN+Zg7E98tD99qNPP2WnHzylDBcAhSLdrVG3WGNjhh5YWoUw9CndNupG+Do8Cpwfp0blTOunea/KuPwTYzdURyJLmVYw9EDMqfvAp7/II/bTiadZoIeJ5TimY5H2RDP6gFj8ZJ7wEJ+pOk/nnrrlmDEqK2LTsXuUUMP/hp4M8MJ3vm+3llZsALcSKsNGuzba29GwZs6+dfBRp/OGjNS7Us0EfclaZAxqYZE2wQf2jHw5ZQ/H9pVuCB+e9DzW16acOsR262tFPxjrTQAky3oD8mDT7BEIkBOE+/t2dObA3vrEY/a+H36HnTqOKZhyaMsNpHhsOJNDnBZXTErjovqSfIkhhrGuTJgIdYk3oHWRyhOZVVUMBwMGADHNswCwtIJosn7j0csf7j9O4ZHCpF2tRQ2LtHy0ZLS0rpw4V6sn9KVF6djMgHqQGvnE3VdoO5VP7h/Y9UsL9p1v/ZfdvrlmhogFDIydbRuPdyVyU/8SVn2F6PGoSViu1H2Q5On9auAoxsNmKA36o7tP2EE+Mn3cQVsnaKoZJJ9pjOji3LXQ1STSkDFcUlRSPUgGXDBpVj2CoemzM7OTx2btmaffaW9906M2793pZRnUDSBGlY6IH7KvD53WucMnqAZHIb4jPYsZOEJWMcaKNOK6uG/Tfa6UDGA/TnSatcEHP/3FWpbZyt4AFE9eu9TrMsMX6DdEHElDreI60rv6IyU8Ig904Rmke7T+vgLu5r0AXwC/eOjHB7a0eN2+8fV/sZ3bmzZLS3NM6xaW3N5YzBd6DH4PBmSMtPS900aR9caL5esAJq41HN+x+4PtNNVcUYS4p6gSY5ZLav4Zg7PxN7YtcxYMn2CwHkHCbGI5sHl+3whkY3anGtgRJCzsj+z0a0/YTzzztJ2+/7gdOzLLh05/h4e9mGlThuPo3Cy9pP4Z0RClixVgxvN3MVyMTTmMfI3CAZ3m4blawkTZAPkHfuMvlFXnTsL6oH2Ko7e2UPZCjIVXdqx2TPio9LoAgYF07SCJZfcNVR4tzSFr0Hqya0BhuCDMxsiZYEAs1IHZ5sam/cc//5vdXLxu8yiG3tmynZ1t1cIiFIbs4Mh782gEHr6GNgswSiBISRX+8LMlrDuUfhd/p1HhoplM5elXkS9Ho2EOyQaYhD4qLT+Ki8sBn2snAoBV1ZGxEICUZasZHmBChPS4uQ7G9pazZ+yZp87ZA6eO2vwRj8bQiKquklqU1Y2MRLSoRC9oCVf9V3qlc14nCqL1iw2E6wxQq8DJM71/5lNf0FIlMSaXQQAmkCamkxiU/iDERai6AjAwxp2Rdkv4xfj3SMPKE9TjlAlkbROhPus7syA3996+nf/ei/bd//y2HbOB7W5uOuPJzVImoQ/AZCO/nwq0sHgjUTRADoANUXfLAS3RGbRuunA/kR15j7JWYTXHABlazpw4rlm6alkr0ggmCcYNqzuYMsJ9DGdBfM3M2Ggk3VLuETxYRU5CguA5HZ8ze+/bn7D3PXXO4JlBuWa4ecPCZqayu1lCvBM0nnGE74PBL3eM63luMYs1UycIB0DovJHjGCqM1BnPsP7pTz3rEcmiGhQmS2Tl/iYfs9kBVdUpBNyqq5XdGjpja5TELDQmmnUBzIcZbo3WtZO7MJRYps4BMXlradX+/ev/altr62xDi7pYxG13RxhX71kuzt8MU3FD1eq0I0eOiJk8RSoeZgAggFFA6J/TAL85HlvEqA9lod8uhQhDdMdDylGSAGAALzMu3oNeJQDKNRTnwr1hBFYBvCc4HJ01OzF3YD/+zHvt3BNvsONgQaZVRYGRSym3fINklAkjlpVY9hkgEUbDJvTEB34u1ALffCFFci4BZwfTfSO1ZvBTAGC05kg6YMcdAt+UZ2doMTBf2AHDB1fZo12sDOIsoqkqhI7R873x/bk0ICzsyoIQQ2H8wB81sNHW0L79jW/awssXbTzEKKohi7KRUSw3QLgMkP4u8ceMEvfzxfUWnS0ZC/gbABbGUAZI+PLiurPfL2/MOH/r1MbfA4ytgZEZqTCbDzTMGdTzKEJ3ESzRL18iplYOxiN76P7j9pM/9iP2+BtO29F5+fIQgYGjW6yTdHKKEm1MMtesPh8sSR8zxKjnc0HtkT+v2gfUZ0dIIattRXQuH/H1v+f7H13ckl8VT+QnAAAAAElFTkSuQmCC', '2023-08-07 17:10:51', 'Descrição da postagem\r\n								', 'no'),
(29, 8, 'photo-1438761681033-6461ffad8d80.jpeg', '', '2023-08-11 15:48:47', 'foto Ana 01\r\n								', 'no'),
(30, 8, 'app-fotos-antigas-retro-vintage_o1e5shor751k5f14p31n7dqer1570e.jpg', '', '2023-08-11 15:54:07', 'Foto Vintage', 'no'),
(31, 5, 'Rollercoaster_expedition_geforce_holiday_park_germany.jpg', '', '2023-08-11 15:59:01', 'Montanha Russa Irada!!!', 'no'),
(32, 5, 'Katapul-2-1600x800.png', '', '2023-08-11 15:59:25', 'Montanha Russa 2', 'no'),
(33, 8, 'Beautiful-Girls-Images-Pics-new-Download-1.jpg', '', '2023-08-11 16:21:58', 'Prima Lisa Brudth', 'no'),
(34, 8, 'estilo-vintage-3.jpg', '', '2023-08-11 16:26:56', 'Fashion', 'no'),
(35, 9, 'rock-in-rio-2017-no-rio-de-janeiro20170917_00031.jpg', '', '2023-08-13 09:07:11', 'Rock in Rio', 'no');
INSERT INTO `user_new_post` (`user_new_post_id`, `user_new_post_user_id`, `user_new_post_image`, `user_new_post_blob_image`, `user_new_post_date`, `user_new_post_description`, `user_new_post_arquivar`) VALUES
(36, 9, 'Rock-in-Rio-4.jpg', '', '2023-08-13 09:07:44', 'Rock in Rio 2', 'no'),
(37, 10, 'app-fotos-antigas-retro-vintage_o1e5shor751k5f14p31n7dqer1570e.jpg', '', '2023-08-13 09:08:28', 'vintage', 'no'),
(38, 9, 'photo-1620321811433-1247c89aec91.jpeg', '', '2023-08-13 11:15:00', 'photo', 'no'),
(39, 11, 'Travelshoot-photoshoot-Paris-7.jpg', '', '2023-08-13 12:23:25', 'Paris', 'no'),
(40, 11, 'Surprise-Proposal-in-Paris-4.jpg', '', '2023-08-13 12:23:39', 'Pais 2', 'no'),
(41, 9, 'Small-Dog-Names-678x381.jpg', '', '2023-08-13 17:04:17', 'doguinho', 'no'),
(28, 7, 'Small-Dog-Names-678x381.jpg', '', '2023-08-11 15:22:00', 'Descrição da postagem\r\n								', 'no');
COMMIT;

/*!40101 SET CHARACTER_SET_CLIENT=@OLD_CHARACTER_SET_CLIENT */;
/*!40101 SET CHARACTER_SET_RESULTS=@OLD_CHARACTER_SET_RESULTS */;
/*!40101 SET COLLATION_CONNECTION=@OLD_COLLATION_CONNECTION */;
